[dotenv@17.3.1] injecting env (18) from .env -- tip: 🔐 prevent committing .env to code: https://dotenvx.com/precommit
✅ Background jobs started
✅ SKU Tracking System initialized
✅ Server running on port 4000
✅ MongoDB connected
✅ Default categories and brands seeded
>>> 2026-09-13T13:32:30.793Z GET /allproducts from ::1
>>> 2026-09-13T13:32:31.346Z GET /admin/orders?limit=30 from ::1
>>> 2026-09-13T13:32:39.027Z GET /allproducts from ::1
>>> 2026-09-13T13:32:45.644Z GET /allproducts from ::1
>>> 2026-09-13T13:33:15.587Z GET /categories from ::1
>>> 2026-09-13T13:33:15.597Z GET /brands from ::1
>>> 2026-09-13T13:33:15.603Z GET /allproducts from ::1
>>> 2026-09-13T13:33:15.605Z GET /user/profile from ::1
>>> 2026-09-13T13:33:15.611Z GET /userfavorites from ::1
>>> 2026-09-13T13:33:16.153Z POST /getcart from ::1
>>> 2026-09-13T13:33:16.160Z GET /sizes from ::1
>>> 2026-09-13T13:33:16.161Z GET /getreviews/50 from ::1
>>> 2026-09-13T13:33:16.163Z GET /allproducts from ::1
>>> 2026-09-13T13:33:16.295Z GET /allproducts from ::1
>>> 2026-09-13T13:33:23.785Z GET /allproducts from ::1
>>> 2026-09-13T13:33:23.938Z GET /admin/orders?limit=30 from ::1
>>> 2026-09-13T13:34:23.787Z GET /allproducts from ::1
>>> 2026-09-13T13:34:23.953Z GET /admin/orders?limit=30 from ::1
>>> 2026-09-13T13:35:23.779Z GET /allproducts from ::1
>>> 2026-09-13T13:35:23.947Z GET /admin/orders?limit=30 from ::1
>>> 2026-09-13T13:36:23.777Z GET /allproducts from ::1
>>> 2026-09-13T13:36:23.911Z GET /admin/orders?limit=30 from ::1
>>> 2026-09-13T13:37:04.311Z GET /allproducts from ::1
>>> 2026-09-13T13:37:04.458Z GET /admin/orders?limit=30 from ::1
>>> 2026-09-13T13:37:30.789Z GET /allproducts from ::1
>>> 2026-09-13T13:37:31.017Z GET /admin/orders?limit=30 from ::1
>>> 2026-09-13T13:38:00.800Z GET /allproducts from ::1
>>> 2026-09-13T13:38:00.988Z GET /admin/orders?limit=30 from ::1
>>> 2026-09-13T13:38:30.791Z GET /allproducts from ::1
>>> 2026-09-13T13:38:31.016Z GET /admin/orders?limit=30 from ::1
>>> 2026-09-13T13:39:00.785Z GET /allproducts from ::1
>>> 2026-09-13T13:39:01.021Z GET /admin/orders?limit=30 from ::1
>>> 2026-09-13T13:39:30.802Z GET /allproducts from ::1
>>> 2026-09-13T13:39:31.027Z GET /admin/orders?limit=30 from ::1
>>> 2026-09-13T13:40:00.801Z GET /allproducts from ::1
>>> 2026-09-13T13:40:01.046Z GET /admin/orders?limit=30 from ::1
>>> 2026-09-13T13:40:30.794Z GET /allproducts from ::1
>>> 2026-09-13T13:40:30.986Z GET /admin/orders?limit=30 from ::1
>>> 2026-09-13T13:41:00.804Z GET /allproducts from ::1
>>> 2026-09-13T13:41:01.037Z GET /admin/orders?limit=30 from ::1
>>> 2026-09-13T13:41:30.792Z GET /allproducts from ::1
>>> 2026-09-13T13:41:30.980Z GET /admin/orders?limit=30 from ::1
>>> 2026-09-13T13:42:00.790Z GET /allproducts from ::1
>>> 2026-09-13T13:42:00.996Z GET /admin/orders?limit=30 from ::1
>>> 2026-09-13T13:43:01.808Z GET /allproducts from ::1
>>> 2026-09-13T13:43:01.996Z GET /admin/orders?limit=30 from ::1
>>> 2026-09-13T13:44:02.797Z GET /allproducts from ::1
>>> 2026-09-13T13:44:03.024Z GET /admin/orders?limit=30 from ::1
>>> 2026-09-13T13:45:03.781Z GET /allproducts from ::1
>>> 2026-09-13T13:45:03.974Z GET /admin/orders?limit=30 from ::1
>>> 2026-09-13T13:46:04.794Z GET /allproducts from ::1
>>> 2026-09-13T13:46:04.993Z GET /admin/orders?limit=30 from ::1
>>> 2026-09-13T13:47:05.782Z GET /allproducts from ::1
>>> 2026-09-13T13:47:05.983Z GET /admin/orders?limit=30 from ::1
>>> 2026-09-13T13:48:06.793Z GET /allproducts from ::1
>>> 2026-09-13T13:48:07.069Z GET /admin/orders?limit=30 from ::1
>>> 2026-09-13T13:49:07.807Z GET /allproducts from ::1
>>> 2026-09-13T13:49:08.006Z GET /admin/orders?limit=30 from ::1
>>> 2026-09-13T13:50:08.790Z GET /allproducts from ::1
>>> 2026-09-13T13:50:09.007Z GET /admin/orders?limit=30 from ::1
>>> 2026-09-13T13:51:09.789Z GET /allproducts from ::1
>>> 2026-09-13T13:51:09.968Z GET /admin/orders?limit=30 from ::1
>>> 2026-09-13T13:52:10.774Z GET /allproducts from ::1
>>> 2026-09-13T13:52:10.977Z GET /admin/orders?limit=30 from ::1
>>> 2026-09-13T13:53:11.790Z GET /allproducts from ::1
>>> 2026-09-13T13:53:11.992Z GET /admin/orders?limit=30 from ::1
>>> 2026-09-13T13:54:12.785Z GET /allproducts from ::1
>>> 2026-09-13T13:54:13.023Z GET /admin/orders?limit=30 from ::1
>>> 2026-09-13T13:55:13.796Z GET /allproducts from ::1
>>> 2026-09-13T13:55:13.987Z GET /admin/orders?limit=30 from ::1
>>> 2026-09-13T13:55:37.682Z GET /user/profile from ::1
>>> 2026-09-13T13:55:37.691Z POST /getcart from ::1
>>> 2026-09-13T13:55:37.694Z GET /allproducts from ::1
>>> 2026-09-13T13:55:37.695Z GET /userfavorites from ::1
>>> 2026-09-13T13:55:37.844Z GET /allproducts from ::1
>>> 2026-09-13T13:55:37.880Z GET /allproducts from ::1
>>> 2026-09-13T13:55:46.565Z GET /brands from ::1
>>> 2026-09-13T13:56:14.788Z GET /allproducts from ::1
>>> 2026-09-13T13:56:14.957Z GET /admin/orders?limit=30 from ::1
>>> 2026-09-13T13:57:15.779Z GET /allproducts from ::1
>>> 2026-09-13T13:57:15.943Z GET /admin/orders?limit=30 from ::1
>>> 2026-09-13T13:58:16.800Z GET /allproducts from ::1
>>> 2026-09-13T13:58:17.007Z GET /admin/orders?limit=30 from ::1
>>> 2026-09-13T13:59:17.792Z GET /allproducts from ::1
>>> 2026-09-13T13:59:17.947Z GET /admin/orders?limit=30 from ::1
>>> 2026-09-13T14:00:18.809Z GET /allproducts from ::1
>>> 2026-09-13T14:00:18.970Z GET /admin/orders?limit=30 from ::1
>>> 2026-09-13T14:01:19.798Z GET /allproducts from ::1
>>> 2026-09-13T14:01:19.988Z GET /admin/orders?limit=30 from ::1
>>> 2026-09-13T14:02:20.834Z GET /allproducts from ::1
>>> 2026-09-13T14:02:21.062Z GET /admin/orders?limit=30 from ::1
>>> 2026-09-13T14:03:21.807Z GET /allproducts from ::1
>>> 2026-09-13T14:03:22.013Z GET /admin/orders?limit=30 from ::1
>>> 2026-09-13T14:04:22.797Z GET /allproducts from ::1
>>> 2026-09-13T14:04:23.428Z GET /admin/orders?limit=30 from ::1
>>> 2026-09-13T14:05:23.816Z GET /allproducts from ::1
>>> 2026-09-13T14:05:24.052Z GET /admin/orders?limit=30 from ::1
>>> 2026-09-13T14:05:25.493Z GET /allproducts from ::1
>>> 2026-09-13T14:06:23.790Z GET /allproducts from ::1
>>> 2026-09-13T14:06:24.045Z GET /admin/orders?limit=30 from ::1
>>> 2026-09-13T14:07:23.799Z GET /allproducts from ::1
>>> 2026-09-13T14:07:23.997Z GET /admin/orders?limit=30 from ::1
>>> 2026-09-13T14:07:30.539Z POST /getcart from ::1
>>> 2026-09-13T14:07:30.559Z GET /user/profile from ::1
>>> 2026-09-13T14:07:30.563Z GET /allproducts from ::1
>>> 2026-09-13T14:07:30.564Z GET /userfavorites from ::1
>>> 2026-09-13T14:07:30.663Z GET /allproducts from ::1
>>> 2026-09-13T14:07:30.806Z GET /allproducts from ::1
>>> 2026-09-13T14:07:31.605Z GET /allproducts from ::1
>>> 2026-09-13T14:07:31.627Z POST /getcart from ::1
>>> 2026-09-13T14:07:31.634Z GET /user/profile from ::1
>>> 2026-09-13T14:07:31.636Z GET /userfavorites from ::1
>>> 2026-09-13T14:07:31.759Z GET /allproducts from ::1
>>> 2026-09-13T14:07:32.093Z GET /allproducts from ::1
>>> 2026-09-13T14:07:52.863Z GET /userfavorites from ::1
>>> 2026-09-13T14:07:52.886Z GET /user/profile from ::1
>>> 2026-09-13T14:07:52.890Z POST /getcart from ::1
>>> 2026-09-13T14:07:53.012Z GET /allproducts from ::1
>>> 2026-09-13T14:07:53.043Z GET /allproducts from ::1
>>> 2026-09-13T14:07:55.405Z GET /allproducts from ::1
>>> 2026-09-13T14:07:55.439Z POST /getcart from ::1
>>> 2026-09-13T14:07:55.449Z GET /userfavorites from ::1
>>> 2026-09-13T14:07:55.453Z GET /user/profile from ::1
>>> 2026-09-13T14:07:55.583Z GET /allproducts from ::1
>>> 2026-09-13T14:07:55.612Z GET /allproducts from ::1
>>> 2026-09-13T14:08:08.454Z POST /getcart from ::1
>>> 2026-09-13T14:08:08.516Z GET /userfavorites from ::1
>>> 2026-09-13T14:08:08.520Z GET /myreviews from ::1
>>> 2026-09-13T14:08:08.522Z GET /orderhistory?page=1&limit=1&status=all from ::1
[OrderHistory] User: 6a24564570942048bfcc7092, Status Filter: all
[OrderHistory] Final Query: {"$or":[{"userId":"6a24564570942048bfcc7092"},{"user":"6a24564570942048bfcc7092"},{"userId":"6a24564570942048bfcc7092"},{"user":"6a24564570942048bfcc7092"}]}
>>> 2026-09-13T14:08:08.525Z GET /user/profile from ::1
>>> 2026-09-13T14:08:08.585Z GET /allproducts from ::1
>>> 2026-09-13T14:08:08.639Z GET /allproducts from ::1
>>> 2026-09-13T14:08:12.891Z POST /getcart from ::1
>>> 2026-09-13T14:08:12.969Z POST /getcart from ::1
>>> 2026-09-13T14:08:12.972Z GET /userfavorites from ::1
>>> 2026-09-13T14:08:13.020Z GET /user/profile from ::1
>>> 2026-09-13T14:08:13.025Z GET /userfavorites from ::1
>>> 2026-09-13T14:08:13.027Z GET /user/profile from ::1
>>> 2026-09-13T14:08:13.093Z GET /allproducts from ::1
>>> 2026-09-13T14:08:13.137Z GET /allproducts from ::1
>>> 2026-09-13T14:08:13.222Z GET /allproducts from ::1
>>> 2026-09-13T14:08:13.266Z GET /allproducts from ::1
>>> 2026-09-13T14:08:23.799Z GET /allproducts from ::1
>>> 2026-09-13T14:08:23.977Z GET /admin/orders?limit=30 from ::1
>>> 2026-09-13T14:08:55.581Z GET /allproducts from ::1
>>> 2026-09-13T14:09:23.790Z GET /allproducts from ::1
>>> 2026-09-13T14:09:24.005Z GET /admin/orders?limit=30 from ::1
>>> 2026-09-13T14:10:23.798Z GET /allproducts from ::1
>>> 2026-09-13T14:10:24.003Z GET /admin/orders?limit=30 from ::1
>>> 2026-09-13T14:11:23.788Z GET /allproducts from ::1
>>> 2026-09-13T14:11:23.988Z GET /admin/orders?limit=30 from ::1
>>> 2026-09-13T14:12:23.797Z GET /allproducts from ::1
>>> 2026-09-13T14:12:23.998Z GET /admin/orders?limit=30 from ::1
>>> 2026-09-13T14:13:23.794Z GET /allproducts from ::1
>>> 2026-09-13T14:13:24.027Z GET /admin/orders?limit=30 from ::1
>>> 2026-09-13T14:13:47.969Z POST /getcart from ::1
>>> 2026-09-13T14:13:47.975Z GET /allproducts from ::1
>>> 2026-09-13T14:13:47.977Z GET /user/profile from ::1
>>> 2026-09-13T14:13:47.978Z GET /userfavorites from ::1
>>> 2026-09-13T14:13:48.104Z GET /allproducts from ::1
>>> 2026-09-13T14:13:48.131Z GET /allproducts from ::1
>>> 2026-09-13T14:14:04.059Z GET /userfavorites from ::1
>>> 2026-09-13T14:14:04.066Z GET /user/profile from ::1
>>> 2026-09-13T14:14:04.069Z POST /getcart from ::1
>>> 2026-09-13T14:14:04.211Z GET /allproducts from ::1
>>> 2026-09-13T14:14:04.245Z GET /allproducts from ::1
>>> 2026-09-13T14:14:06.566Z POST /getcart from ::1
>>> 2026-09-13T14:14:06.606Z GET /allproducts from ::1
>>> 2026-09-13T14:14:06.609Z GET /user/profile from ::1
>>> 2026-09-13T14:14:06.611Z GET /userfavorites from ::1
>>> 2026-09-13T14:14:06.698Z GET /allproducts from ::1
>>> 2026-09-13T14:14:06.819Z GET /allproducts from ::1
>>> 2026-09-13T14:14:23.807Z GET /allproducts from ::1
>>> 2026-09-13T14:14:23.999Z GET /admin/orders?limit=30 from ::1
>>> 2026-09-13T14:15:23.792Z GET /allproducts from ::1
>>> 2026-09-13T14:15:23.948Z GET /admin/orders?limit=30 from ::1
>>> 2026-09-13T14:16:23.795Z GET /allproducts from ::1
>>> 2026-09-13T14:16:23.967Z GET /admin/orders?limit=30 from ::1
>>> 2026-09-13T14:17:23.791Z GET /allproducts from ::1
>>> 2026-09-13T14:17:24.021Z GET /admin/orders?limit=30 from ::1
>>> 2026-09-13T14:18:23.787Z GET /allproducts from ::1
>>> 2026-09-13T14:18:24.034Z GET /admin/orders?limit=30 from ::1
>>> 2026-09-13T14:19:23.797Z GET /allproducts from ::1
>>> 2026-09-13T14:19:24.011Z GET /admin/orders?limit=30 from ::1
>>> 2026-09-13T14:20:09.240Z GET /allproducts from ::1
>>> 2026-09-13T14:20:14.343Z GET /allproducts from ::1
>>> 2026-09-13T14:20:23.791Z GET /allproducts from ::1
>>> 2026-09-13T14:20:23.959Z GET /admin/orders?limit=30 from ::1
>>> 2026-09-13T14:21:23.786Z GET /allproducts from ::1
>>> 2026-09-13T14:21:24.009Z GET /admin/orders?limit=30 from ::1
>>> 2026-09-13T14:22:23.792Z GET /allproducts from ::1
>>> 2026-09-13T14:22:23.994Z GET /admin/orders?limit=30 from ::1
>>> 2026-09-13T14:23:23.803Z GET /allproducts from ::1
>>> 2026-09-13T14:23:23.965Z GET /admin/orders?limit=30 from ::1
>>> 2026-09-13T14:24:23.795Z GET /allproducts from ::1
>>> 2026-09-13T14:24:23.963Z GET /admin/orders?limit=30 from ::1
>>> 2026-09-13T14:25:23.809Z GET /allproducts from ::1
>>> 2026-09-13T14:25:23.991Z GET /admin/orders?limit=30 from ::1
>>> 2026-09-13T14:26:23.792Z GET /allproducts from ::1
>>> 2026-09-13T14:26:23.993Z GET /admin/orders?limit=30 from ::1
>>> 2026-09-13T14:27:23.795Z GET /allproducts from ::1
>>> 2026-09-13T14:27:23.985Z GET /admin/orders?limit=30 from ::1
>>> 2026-09-13T14:28:23.211Z GET /allproducts from ::1
>>> 2026-09-13T14:28:23.805Z GET /allproducts from ::1
>>> 2026-09-13T14:28:23.972Z GET /admin/orders?limit=30 from ::1
>>> 2026-09-13T14:28:27.273Z GET /allproducts from ::1
>>> 2026-09-13T14:28:54.768Z GET /allproducts from ::1
>>> 2026-09-13T14:28:58.067Z GET /allproducts from ::1
>>> 2026-09-13T14:29:23.800Z GET /allproducts from ::1
>>> 2026-09-13T14:29:23.966Z GET /admin/orders?limit=30 from ::1
>>> 2026-09-13T14:29:36.496Z GET /allproducts from ::1
>>> 2026-09-13T14:29:46.874Z GET /allproducts from ::1
>>> 2026-09-13T14:30:23.824Z GET /allproducts from ::1
>>> 2026-09-13T14:30:24.033Z GET /admin/orders?limit=30 from ::1
>>> 2026-09-13T14:30:55.766Z GET /allproducts from ::1
>>> 2026-09-13T14:31:15.192Z GET /allproducts from ::1
>>> 2026-09-13T14:31:23.822Z GET /allproducts from ::1
>>> 2026-09-13T14:31:24.071Z GET /admin/orders?limit=30 from ::1
>>> 2026-09-13T14:31:28.139Z GET /allproducts from ::1
>>> 2026-09-13T14:32:06.378Z GET /allproducts from ::1
>>> 2026-09-13T14:32:17.853Z POST /getcart from ::1
>>> 2026-09-13T14:32:17.873Z GET /allproducts from ::1
>>> 2026-09-13T14:32:17.875Z GET /user/profile from ::1
>>> 2026-09-13T14:32:17.877Z GET /userfavorites from ::1
>>> 2026-09-13T14:32:17.984Z GET /allproducts from ::1
>>> 2026-09-13T14:32:18.023Z GET /allproducts from ::1
>>> 2026-09-13T14:32:23.794Z GET /allproducts from ::1
>>> 2026-09-13T14:32:23.999Z GET /admin/orders?limit=30 from ::1
>>> 2026-09-13T14:33:23.794Z GET /allproducts from ::1
>>> 2026-09-13T14:33:23.997Z GET /admin/orders?limit=30 from ::1
>>> 2026-09-13T14:34:23.802Z GET /allproducts from ::1
>>> 2026-09-13T14:34:23.990Z GET /admin/orders?limit=30 from ::1
>>> 2026-09-13T14:35:23.796Z GET /allproducts from ::1
>>> 2026-09-13T14:35:23.978Z GET /admin/orders?limit=30 from ::1
>>> 2026-09-13T14:36:21.562Z GET /allproducts from ::1
>>> 2026-09-13T14:36:23.781Z GET /allproducts from ::1
>>> 2026-09-13T14:36:23.964Z GET /admin/orders?limit=30 from ::1
>>> 2026-09-13T14:36:28.824Z GET /allproducts from ::1
>>> 2026-09-13T14:36:44.420Z GET /allproducts from ::1
>>> 2026-09-13T14:37:23.784Z GET /allproducts from ::1
>>> 2026-09-13T14:37:23.966Z GET /admin/orders?limit=30 from ::1
>>> 2026-09-13T14:37:25.091Z GET /allproducts from ::1
>>> 2026-09-13T14:38:23.792Z GET /allproducts from ::1
>>> 2026-09-13T14:38:23.979Z GET /admin/orders?limit=30 from ::1
>>> 2026-09-13T14:38:25.352Z GET /allproducts from ::1
>>> 2026-09-13T14:38:32.942Z GET /allproducts from ::1
>>> 2026-09-13T14:38:37.858Z GET /allproducts from ::1
>>> 2026-09-13T14:39:23.799Z GET /allproducts from ::1
>>> 2026-09-13T14:39:23.986Z GET /admin/orders?limit=30 from ::1
>>> 2026-09-13T14:39:43.729Z GET /allproducts from ::1
>>> 2026-09-13T14:39:47.536Z GET /allproducts from ::1
>>> 2026-09-13T14:39:50.943Z GET /allproducts from ::1
>>> 2026-09-13T14:39:56.324Z GET /allproducts from ::1
>>> 2026-09-13T14:40:23.791Z GET /allproducts from ::1
>>> 2026-09-13T14:40:23.982Z GET /admin/orders?limit=30 from ::1
>>> 2026-09-13T14:41:23.799Z GET /allproducts from ::1
>>> 2026-09-13T14:41:23.980Z GET /admin/orders?limit=30 from ::1
>>> 2026-09-13T14:41:43.309Z POST /getcart from ::1
>>> 2026-09-13T14:41:43.321Z GET /userfavorites from ::1
>>> 2026-09-13T14:41:43.326Z GET /user/profile from ::1
>>> 2026-09-13T14:41:43.481Z GET /allproducts from ::1
>>> 2026-09-13T14:41:43.513Z GET /allproducts from ::1
>>> 2026-09-13T14:41:45.787Z POST /getcart from ::1
>>> 2026-09-13T14:41:45.823Z GET /userfavorites from ::1
>>> 2026-09-13T14:41:45.834Z GET /allproducts from ::1
>>> 2026-09-13T14:41:45.835Z GET /user/profile from ::1
>>> 2026-09-13T14:41:45.932Z GET /allproducts from ::1
>>> 2026-09-13T14:41:45.976Z GET /allproducts from ::1
>>> 2026-09-13T14:42:23.884Z GET /allproducts from ::1
>>> 2026-09-13T14:42:24.085Z GET /admin/orders?limit=30 from ::1
>>> 2026-09-13T14:43:23.795Z GET /allproducts from ::1
>>> 2026-09-13T14:43:24.023Z GET /admin/orders?limit=30 from ::1
>>> 2026-09-13T14:44:14.460Z GET /allproducts from ::1
>>> 2026-09-13T14:44:23.791Z GET /allproducts from ::1
>>> 2026-09-13T14:44:23.991Z GET /admin/orders?limit=30 from ::1
>>> 2026-09-13T14:44:52.241Z GET /allproducts from ::1
>>> 2026-09-13T14:45:04.668Z GET /allproducts from ::1
>>> 2026-09-13T14:45:23.793Z GET /allproducts from ::1
>>> 2026-09-13T14:45:24.014Z GET /admin/orders?limit=30 from ::1
>>> 2026-09-13T14:46:23.788Z GET /allproducts from ::1
>>> 2026-09-13T14:46:24.003Z GET /admin/orders?limit=30 from ::1
>>> 2026-09-13T14:47:12.035Z GET /user/profile from ::1
>>> 2026-09-13T14:47:12.043Z POST /getcart from ::1
>>> 2026-09-13T14:47:12.045Z GET /userfavorites from ::1
>>> 2026-09-13T14:47:12.176Z GET /allproducts from ::1
>>> 2026-09-13T14:47:12.213Z GET /allproducts from ::1
>>> 2026-09-13T14:47:14.595Z POST /getcart from ::1
>>> 2026-09-13T14:47:14.629Z GET /allproducts from ::1
>>> 2026-09-13T14:47:14.646Z GET /user/profile from ::1
>>> 2026-09-13T14:47:14.652Z GET /userfavorites from ::1
>>> 2026-09-13T14:47:14.738Z GET /allproducts from ::1
>>> 2026-09-13T14:47:14.779Z GET /allproducts from ::1
>>> 2026-09-13T14:47:23.794Z GET /allproducts from ::1
>>> 2026-09-13T14:47:23.984Z GET /admin/orders?limit=30 from ::1
>>> 2026-09-13T14:48:11.048Z GET /allproducts from ::1
>>> 2026-09-13T14:48:23.802Z GET /allproducts from ::1
>>> 2026-09-13T14:48:23.999Z GET /admin/orders?limit=30 from ::1
>>> 2026-09-13T14:49:23.789Z GET /allproducts from ::1
>>> 2026-09-13T14:49:24.005Z GET /admin/orders?limit=30 from ::1
>>> 2026-09-13T14:49:44.401Z GET /allproducts from ::1
>>> 2026-09-13T14:49:50.385Z GET /allproducts from ::1
>>> 2026-09-13T14:50:23.784Z GET /allproducts from ::1
>>> 2026-09-13T14:50:23.814Z GET /allproducts from ::1
>>> 2026-09-13T14:50:23.934Z GET /admin/orders?limit=30 from ::1
>>> 2026-09-13T14:50:28.829Z GET /allproducts from ::1
>>> 2026-09-13T14:51:10.110Z GET /allproducts from ::1
>>> 2026-09-13T14:51:14.231Z GET /allproducts from ::1
>>> 2026-09-13T14:51:23.790Z GET /allproducts from ::1
>>> 2026-09-13T14:51:23.981Z GET /admin/orders?limit=30 from ::1
>>> 2026-09-13T14:51:36.647Z GET /allproducts from ::1
>>> 2026-09-13T14:51:40.557Z GET /allproducts from ::1
>>> 2026-09-13T14:52:23.779Z GET /allproducts from ::1
>>> 2026-09-13T14:52:23.940Z GET /admin/orders?limit=30 from ::1
>>> 2026-09-13T14:53:23.795Z GET /allproducts from ::1
>>> 2026-09-13T14:53:23.983Z GET /admin/orders?limit=30 from ::1
>>> 2026-09-13T14:53:56.091Z GET /allproducts from ::1
>>> 2026-09-13T14:53:58.868Z POST /getcart from ::1
>>> 2026-09-13T14:53:58.910Z GET /userfavorites from ::1
>>> 2026-09-13T14:53:58.912Z GET /user/profile from ::1
>>> 2026-09-13T14:53:59.002Z GET /allproducts from ::1
>>> 2026-09-13T14:53:59.051Z GET /allproducts from ::1
>>> 2026-09-13T14:53:59.952Z GET /allproducts from ::1
>>> 2026-09-13T14:53:59.990Z GET /allproducts from ::1
>>> 2026-09-13T14:54:04.818Z POST /getcart from ::1
>>> 2026-09-13T14:54:04.857Z GET /user/profile from ::1
>>> 2026-09-13T14:54:04.897Z GET /userfavorites from ::1
>>> 2026-09-13T14:54:04.899Z POST /getcart from ::1
>>> 2026-09-13T14:54:04.901Z GET /userfavorites from ::1
>>> 2026-09-13T14:54:04.949Z GET /user/profile from ::1
>>> 2026-09-13T14:54:04.987Z GET /allproducts from ::1
>>> 2026-09-13T14:54:05.262Z GET /allproducts from ::1
>>> 2026-09-13T14:54:05.299Z GET /allproducts from ::1
>>> 2026-09-13T14:54:05.305Z GET /allproducts from ::1
>>> 2026-09-13T14:54:06.025Z GET /allproducts from ::1
>>> 2026-09-13T14:54:06.063Z GET /allproducts from ::1
>>> 2026-09-13T14:54:09.317Z POST /getcart from ::1
>>> 2026-09-13T14:54:09.357Z POST /getcart from ::1
>>> 2026-09-13T14:54:09.362Z GET /userfavorites from ::1
>>> 2026-09-13T14:54:09.363Z GET /user/profile from ::1
>>> 2026-09-13T14:54:09.365Z GET /userfavorites from ::1
>>> 2026-09-13T14:54:09.440Z GET /user/profile from ::1
>>> 2026-09-13T14:54:09.479Z GET /allproducts from ::1
>>> 2026-09-13T14:54:09.569Z GET /allproducts from ::1
>>> 2026-09-13T14:54:09.575Z GET /allproducts from ::1
>>> 2026-09-13T14:54:09.576Z GET /allproducts from ::1
>>> 2026-09-13T14:54:11.024Z GET /allproducts from ::1
>>> 2026-09-13T14:54:11.061Z GET /allproducts from ::1
>>> 2026-09-13T14:54:14.139Z POST /getcart from ::1
>>> 2026-09-13T14:54:14.186Z POST /getcart from ::1
>>> 2026-09-13T14:54:14.223Z GET /userfavorites from ::1
>>> 2026-09-13T14:54:14.228Z GET /user/profile from ::1
>>> 2026-09-13T14:54:14.231Z GET /userfavorites from ::1
>>> 2026-09-13T14:54:14.274Z GET /user/profile from ::1
>>> 2026-09-13T14:54:14.316Z GET /allproducts from ::1
>>> 2026-09-13T14:54:14.399Z GET /allproducts from ::1
>>> 2026-09-13T14:54:14.409Z GET /allproducts from ::1
>>> 2026-09-13T14:54:14.414Z GET /allproducts from ::1
>>> 2026-09-13T14:54:23.792Z GET /allproducts from ::1
>>> 2026-09-13T14:54:24.000Z GET /admin/orders?limit=30 from ::1
>>> 2026-09-13T14:54:41.342Z GET /allproducts from ::1
>>> 2026-09-13T14:54:41.362Z GET /userfavorites from ::1
>>> 2026-09-13T14:54:41.370Z GET /user/profile from ::1
>>> 2026-09-13T14:54:41.373Z POST /getcart from ::1
>>> 2026-09-13T14:54:41.496Z GET /allproducts from ::1
>>> 2026-09-13T14:54:41.735Z GET /allproducts from ::1
>>> 2026-09-13T14:55:23.791Z GET /allproducts from ::1
>>> 2026-09-13T14:55:23.978Z GET /admin/orders?limit=30 from ::1
>>> 2026-09-13T14:56:23.796Z GET /allproducts from ::1
>>> 2026-09-13T14:56:23.992Z GET /admin/orders?limit=30 from ::1
>>> 2026-09-13T14:57:23.786Z GET /allproducts from ::1
>>> 2026-09-13T14:57:23.955Z GET /admin/orders?limit=30 from ::1
>>> 2026-09-13T14:58:23.793Z GET /allproducts from ::1
>>> 2026-09-13T14:58:23.968Z GET /admin/orders?limit=30 from ::1
>>> 2026-09-13T14:59:23.786Z GET /allproducts from ::1
>>> 2026-09-13T14:59:23.971Z GET /admin/orders?limit=30 from ::1
>>> 2026-09-13T14:59:56.818Z GET /user/profile from ::1
>>> 2026-09-13T14:59:56.861Z POST /getcart from ::1
>>> 2026-09-13T14:59:56.872Z GET /userfavorites from ::1
>>> 2026-09-13T14:59:56.999Z GET /allproducts from ::1
>>> 2026-09-13T14:59:57.033Z GET /allproducts from ::1
>>> 2026-09-13T14:59:59.348Z POST /getcart from ::1
>>> 2026-09-13T14:59:59.380Z GET /userfavorites from ::1
>>> 2026-09-13T14:59:59.384Z GET /user/profile from ::1
>>> 2026-09-13T14:59:59.386Z GET /allproducts from ::1
>>> 2026-09-13T14:59:59.482Z GET /allproducts from ::1
>>> 2026-09-13T14:59:59.618Z GET /allproducts from ::1
>>> 2026-09-13T15:00:23.782Z GET /allproducts from ::1
>>> 2026-09-13T15:00:23.942Z GET /admin/orders?limit=30 from ::1
>>> 2026-09-13T15:01:23.793Z GET /allproducts from ::1
>>> 2026-09-13T15:01:24.025Z GET /admin/orders?limit=30 from ::1
>>> 2026-09-13T15:02:23.792Z GET /allproducts from ::1
>>> 2026-09-13T15:02:23.981Z GET /admin/orders?limit=30 from ::1
>>> 2026-09-13T15:02:25.660Z GET /allproducts from ::1
>>> 2026-09-13T15:02:25.670Z POST /getcart from ::1
>>> 2026-09-13T15:02:25.672Z GET /user/profile from ::1
>>> 2026-09-13T15:02:25.674Z GET /userfavorites from ::1
>>> 2026-09-13T15:02:25.823Z GET /allproducts from ::1
>>> 2026-09-13T15:02:25.902Z GET /allproducts from ::1
>>> 2026-09-13T15:03:23.787Z GET /allproducts from ::1
>>> 2026-09-13T15:03:23.953Z GET /admin/orders?limit=30 from ::1
>>> 2026-09-13T15:04:23.786Z GET /allproducts from ::1
>>> 2026-09-13T15:04:23.966Z GET /admin/orders?limit=30 from ::1
>>> 2026-09-13T15:05:23.794Z GET /allproducts from ::1
>>> 2026-09-13T15:05:23.982Z GET /admin/orders?limit=30 from ::1
>>> 2026-09-13T15:06:23.797Z GET /allproducts from ::1
>>> 2026-09-13T15:06:23.988Z GET /admin/orders?limit=30 from ::1
>>> 2026-09-13T15:07:23.799Z GET /allproducts from ::1
>>> 2026-09-13T15:07:23.958Z GET /admin/orders?limit=30 from ::1
>>> 2026-09-13T15:07:37.018Z GET /userfavorites from ::1
>>> 2026-09-13T15:07:37.033Z GET /allproducts from ::1
>>> 2026-09-13T15:07:37.037Z GET /user/profile from ::1
>>> 2026-09-13T15:07:37.042Z POST /getcart from ::1
>>> 2026-09-13T15:07:37.165Z GET /allproducts from ::1
>>> 2026-09-13T15:07:37.203Z GET /allproducts from ::1
>>> 2026-09-13T15:07:59.145Z POST /getcart from ::1
>>> 2026-09-13T15:07:59.159Z GET /user/profile from ::1
>>> 2026-09-13T15:07:59.163Z GET /userfavorites from ::1
>>> 2026-09-13T15:07:59.309Z GET /allproducts from ::1
>>> 2026-09-13T15:07:59.345Z GET /allproducts from ::1
>>> 2026-09-13T15:08:01.695Z POST /getcart from ::1
>>> 2026-09-13T15:08:01.728Z GET /allproducts from ::1
>>> 2026-09-13T15:08:01.738Z GET /user/profile from ::1
>>> 2026-09-13T15:08:01.746Z GET /userfavorites from ::1
>>> 2026-09-13T15:08:01.849Z GET /allproducts from ::1
>>> 2026-09-13T15:08:01.971Z GET /allproducts from ::1
>>> 2026-09-13T15:08:19.476Z GET /allproducts from ::1
>>> 2026-09-13T15:08:23.795Z GET /allproducts from ::1
>>> 2026-09-13T15:08:23.982Z GET /admin/orders?limit=30 from ::1
>>> 2026-09-13T15:08:47.628Z GET /allproducts from ::1
>>> 2026-09-13T15:09:23.784Z GET /allproducts from ::1
>>> 2026-09-13T15:09:24.003Z GET /admin/orders?limit=30 from ::1
>>> 2026-09-13T15:10:23.510Z POST /getcart from ::1
>>> 2026-09-13T15:10:23.515Z GET /userfavorites from ::1
>>> 2026-09-13T15:10:23.574Z GET /user/profile from ::1
>>> 2026-09-13T15:10:23.762Z GET /allproducts from ::1
>>> 2026-09-13T15:10:23.808Z GET /allproducts from ::1
>>> 2026-09-13T15:10:23.822Z GET /allproducts from ::1
>>> 2026-09-13T15:10:24.039Z GET /admin/orders?limit=30 from ::1
>>> 2026-09-13T15:10:26.078Z POST /getcart from ::1
>>> 2026-09-13T15:10:26.089Z GET /allproducts from ::1
>>> 2026-09-13T15:10:26.116Z GET /user/profile from ::1
>>> 2026-09-13T15:10:26.119Z GET /userfavorites from ::1
>>> 2026-09-13T15:10:26.223Z GET /allproducts from ::1
>>> 2026-09-13T15:10:26.348Z GET /allproducts from ::1
>>> 2026-09-13T15:11:23.789Z GET /allproducts from ::1
>>> 2026-09-13T15:11:23.993Z GET /admin/orders?limit=30 from ::1
>>> 2026-09-13T15:11:40.836Z GET /allproducts from ::1
>>> 2026-09-13T15:11:55.406Z GET /allproducts from ::1
>>> 2026-09-13T15:11:59.125Z GET /allproducts from ::1
>>> 2026-09-13T15:12:06.461Z GET /allproducts from ::1
>>> 2026-09-13T15:12:23.788Z GET /allproducts from ::1
>>> 2026-09-13T15:12:23.971Z GET /admin/orders?limit=30 from ::1
>>> 2026-09-13T15:12:26.426Z POST /getcart from ::1
>>> 2026-09-13T15:12:26.463Z GET /user/profile from ::1
>>> 2026-09-13T15:12:26.467Z GET /allproducts from ::1
>>> 2026-09-13T15:12:26.468Z GET /userfavorites from ::1
>>> 2026-09-13T15:12:26.559Z GET /allproducts from ::1
>>> 2026-09-13T15:12:26.732Z GET /allproducts from ::1
>>> 2026-09-13T15:12:59.310Z GET /allproducts from ::1
>>> 2026-09-13T15:13:21.154Z POST /getcart from ::1
>>> 2026-09-13T15:13:21.188Z GET /userfavorites from ::1
>>> 2026-09-13T15:13:21.194Z GET /orderhistory?page=1&limit=1&status=all from ::1
[OrderHistory] User: 6a24564570942048bfcc7092, Status Filter: all
[OrderHistory] Final Query: {"$or":[{"userId":"6a24564570942048bfcc7092"},{"user":"6a24564570942048bfcc7092"},{"userId":"6a24564570942048bfcc7092"},{"user":"6a24564570942048bfcc7092"}]}
>>> 2026-09-13T15:13:21.199Z GET /user/profile from ::1
>>> 2026-09-13T15:13:21.201Z GET /myreviews from ::1
>>> 2026-09-13T15:13:21.301Z GET /allproducts from ::1
>>> 2026-09-13T15:13:21.344Z GET /allproducts from ::1
>>> 2026-09-13T15:13:23.800Z GET /allproducts from ::1
>>> 2026-09-13T15:13:24.102Z GET /admin/orders?limit=30 from ::1
>>> 2026-09-13T15:13:25.187Z POST /getcart from ::1
>>> 2026-09-13T15:13:25.266Z POST /getcart from ::1
>>> 2026-09-13T15:13:25.312Z GET /userfavorites from ::1
>>> 2026-09-13T15:13:25.318Z GET /user/profile from ::1
>>> 2026-09-13T15:13:25.322Z GET /userfavorites from ::1
>>> 2026-09-13T15:13:25.324Z GET /user/profile from ::1
>>> 2026-09-13T15:13:25.389Z GET /allproducts from ::1
>>> 2026-09-13T15:13:25.433Z GET /allproducts from ::1
>>> 2026-09-13T15:13:25.511Z GET /allproducts from ::1
>>> 2026-09-13T15:13:25.521Z GET /allproducts from ::1
>>> 2026-09-13T15:13:34.428Z POST /getcart from ::1
>>> 2026-09-13T15:13:34.452Z GET /userfavorites from ::1
>>> 2026-09-13T15:13:34.456Z GET /user/profile from ::1
>>> 2026-09-13T15:13:34.458Z GET /myreviews from ::1
>>> 2026-09-13T15:13:34.459Z GET /orderhistory?page=1&limit=1&status=all from ::1
[OrderHistory] User: 6a24564570942048bfcc7092, Status Filter: all
[OrderHistory] Final Query: {"$or":[{"userId":"6a24564570942048bfcc7092"},{"user":"6a24564570942048bfcc7092"},{"userId":"6a24564570942048bfcc7092"},{"user":"6a24564570942048bfcc7092"}]}
>>> 2026-09-13T15:13:34.547Z GET /allproducts from ::1
>>> 2026-09-13T15:13:34.580Z GET /allproducts from ::1
>>> 2026-09-13T15:13:38.039Z POST /getcart from ::1
>>> 2026-09-13T15:13:38.120Z GET /userfavorites from ::1
>>> 2026-09-13T15:13:38.124Z GET /userfavorites from ::1
>>> 2026-09-13T15:13:38.126Z POST /getcart from ::1
>>> 2026-09-13T15:13:38.128Z GET /user/profile from ::1
>>> 2026-09-13T15:13:38.158Z GET /user/profile from ::1
>>> 2026-09-13T15:13:38.240Z GET /allproducts from ::1
>>> 2026-09-13T15:13:38.318Z GET /allproducts from ::1
>>> 2026-09-13T15:13:38.320Z GET /allproducts from ::1
>>> 2026-09-13T15:13:38.377Z GET /allproducts from ::1
>>> 2026-09-13T15:14:23.795Z GET /allproducts from ::1
>>> 2026-09-13T15:14:23.978Z GET /admin/orders?limit=30 from ::1
>>> 2026-09-13T15:15:23.801Z GET /allproducts from ::1
>>> 2026-09-13T15:15:23.990Z GET /admin/orders?limit=30 from ::1
>>> 2026-09-13T15:16:23.782Z GET /allproducts from ::1
>>> 2026-09-13T15:16:23.983Z GET /admin/orders?limit=30 from ::1
>>> 2026-09-13T15:17:23.789Z GET /allproducts from ::1
>>> 2026-09-13T15:17:23.962Z GET /admin/orders?limit=30 from ::1
>>> 2026-09-13T15:18:23.790Z GET /allproducts from ::1
>>> 2026-09-13T15:18:23.988Z GET /admin/orders?limit=30 from ::1
>>> 2026-09-13T15:19:23.803Z GET /allproducts from ::1
>>> 2026-09-13T15:19:24.018Z GET /admin/orders?limit=30 from ::1
>>> 2026-09-13T15:20:23.796Z GET /allproducts from ::1
>>> 2026-09-13T15:20:23.984Z GET /admin/orders?limit=30 from ::1
>>> 2026-09-13T15:21:23.791Z GET /allproducts from ::1
>>> 2026-09-13T15:21:23.963Z GET /admin/orders?limit=30 from ::1
>>> 2026-09-13T15:22:23.793Z GET /allproducts from ::1
>>> 2026-09-13T15:22:23.981Z GET /admin/orders?limit=30 from ::1
>>> 2026-09-13T15:23:23.783Z GET /allproducts from ::1
>>> 2026-09-13T15:23:23.980Z GET /admin/orders?limit=30 from ::1
>>> 2026-09-13T15:24:23.818Z GET /allproducts from ::1
>>> 2026-09-13T15:24:24.038Z GET /admin/orders?limit=30 from ::1
>>> 2026-09-13T15:25:23.796Z GET /allproducts from ::1
>>> 2026-09-13T15:25:23.970Z GET /admin/orders?limit=30 from ::1
>>> 2026-09-13T15:26:23.799Z GET /allproducts from ::1
>>> 2026-09-13T15:26:23.988Z GET /admin/orders?limit=30 from ::1
>>> 2026-09-13T15:27:23.807Z GET /allproducts from ::1
>>> 2026-09-13T15:27:23.994Z GET /admin/orders?limit=30 from ::1
>>> 2026-09-13T15:28:23.807Z GET /allproducts from ::1
>>> 2026-09-13T15:28:24.052Z GET /admin/orders?limit=30 from ::1
>>> 2026-09-13T15:29:06.772Z GET /user/profile from ::1
>>> 2026-09-13T15:29:06.788Z GET /userfavorites from ::1
>>> 2026-09-13T15:29:06.798Z POST /getcart from ::1
>>> 2026-09-13T15:29:06.944Z GET /allproducts from ::1
>>> 2026-09-13T15:29:06.980Z GET /allproducts from ::1
>>> 2026-09-13T15:29:09.230Z POST /getcart from ::1
>>> 2026-09-13T15:29:09.263Z GET /allproducts from ::1
>>> 2026-09-13T15:29:09.308Z GET /user/profile from ::1
>>> 2026-09-13T15:29:09.312Z GET /userfavorites from ::1
>>> 2026-09-13T15:29:09.429Z GET /allproducts from ::1
>>> 2026-09-13T15:29:09.458Z GET /allproducts from ::1
>>> 2026-09-13T15:29:23.398Z GET /allproducts from ::1
>>> 2026-09-13T15:29:23.785Z GET /allproducts from ::1
>>> 2026-09-13T15:29:24.058Z GET /admin/orders?limit=30 from ::1
>>> 2026-09-13T15:29:25.479Z POST /getcart from ::1
>>> 2026-09-13T15:29:25.522Z GET /userfavorites from ::1
>>> 2026-09-13T15:29:25.527Z GET /user/profile from ::1
>>> 2026-09-13T15:29:25.606Z GET /allproducts from ::1
>>> 2026-09-13T15:29:25.648Z GET /allproducts from ::1
>>> 2026-09-13T15:29:51.064Z POST /getcart from ::1
>>> 2026-09-13T15:29:51.082Z GET /orderhistory?page=1&limit=1&status=all from ::1
[OrderHistory] User: 6a24564570942048bfcc7092, Status Filter: all
[OrderHistory] Final Query: {"$or":[{"userId":"6a24564570942048bfcc7092"},{"user":"6a24564570942048bfcc7092"},{"userId":"6a24564570942048bfcc7092"},{"user":"6a24564570942048bfcc7092"}]}
>>> 2026-09-13T15:29:51.085Z GET /userfavorites from ::1
>>> 2026-09-13T15:29:51.086Z GET /user/profile from ::1
>>> 2026-09-13T15:29:51.088Z GET /myreviews from ::1
>>> 2026-09-13T15:29:51.193Z GET /allproducts from ::1
>>> 2026-09-13T15:29:51.226Z GET /allproducts from ::1
>>> 2026-09-13T15:29:54.535Z POST /getcart from ::1
>>> 2026-09-13T15:29:54.640Z GET /user/profile from ::1
>>> 2026-09-13T15:29:54.651Z POST /getcart from ::1
>>> 2026-09-13T15:29:54.656Z GET /userfavorites from ::1
>>> 2026-09-13T15:29:54.674Z GET /userfavorites from ::1
>>> 2026-09-13T15:29:54.681Z GET /user/profile from ::1
>>> 2026-09-13T15:29:54.772Z GET /allproducts from ::1
>>> 2026-09-13T15:29:54.808Z GET /allproducts from ::1
>>> 2026-09-13T15:29:55.015Z GET /allproducts from ::1
>>> 2026-09-13T15:29:55.048Z GET /allproducts from ::1
>>> 2026-09-13T15:29:56.019Z POST /getcart from ::1
>>> 2026-09-13T15:29:56.055Z GET /user/profile from ::1
>>> 2026-09-13T15:29:56.072Z GET /myreviews from ::1
>>> 2026-09-13T15:29:56.080Z GET /userfavorites from ::1
>>> 2026-09-13T15:29:56.082Z GET /orderhistory?page=1&limit=1&status=all from ::1
[OrderHistory] User: 6a24564570942048bfcc7092, Status Filter: all
[OrderHistory] Final Query: {"$or":[{"userId":"6a24564570942048bfcc7092"},{"user":"6a24564570942048bfcc7092"},{"userId":"6a24564570942048bfcc7092"},{"user":"6a24564570942048bfcc7092"}]}
>>> 2026-09-13T15:29:56.144Z GET /allproducts from ::1
>>> 2026-09-13T15:29:56.412Z GET /allproducts from ::1
>>> 2026-09-13T15:29:58.112Z POST /getcart from ::1
>>> 2026-09-13T15:29:58.146Z POST /getcart from ::1
>>> 2026-09-13T15:29:58.157Z GET /userfavorites from ::1
>>> 2026-09-13T15:29:58.161Z GET /userfavorites from ::1
>>> 2026-09-13T15:29:58.164Z GET /user/profile from ::1
>>> 2026-09-13T15:29:58.242Z GET /user/profile from ::1
>>> 2026-09-13T15:29:58.285Z GET /allproducts from ::1
>>> 2026-09-13T15:29:58.363Z GET /allproducts from ::1
>>> 2026-09-13T15:29:58.367Z GET /allproducts from ::1
>>> 2026-09-13T15:29:58.370Z GET /allproducts from ::1
>>> 2026-09-13T15:30:23.790Z GET /allproducts from ::1
>>> 2026-09-13T15:30:23.982Z GET /admin/orders?limit=30 from ::1
>>> 2026-09-13T15:31:23.782Z GET /allproducts from ::1
>>> 2026-09-13T15:31:23.987Z GET /admin/orders?limit=30 from ::1
>>> 2026-09-13T15:32:23.788Z GET /allproducts from ::1
>>> 2026-09-13T15:32:24.000Z GET /admin/orders?limit=30 from ::1
>>> 2026-09-13T15:33:23.801Z GET /allproducts from ::1
>>> 2026-09-13T15:33:23.982Z GET /admin/orders?limit=30 from ::1
>>> 2026-09-13T15:34:23.806Z GET /allproducts from ::1
>>> 2026-09-13T15:34:24.120Z GET /admin/orders?limit=30 from ::1
>>> 2026-09-13T15:35:23.825Z GET /allproducts from ::1
>>> 2026-09-13T15:35:24.016Z GET /admin/orders?limit=30 from ::1
>>> 2026-09-13T15:36:23.779Z GET /allproducts from ::1
>>> 2026-09-13T15:36:23.978Z GET /admin/orders?limit=30 from ::1
>>> 2026-09-13T15:37:23.783Z GET /allproducts from ::1
>>> 2026-09-13T15:37:23.927Z GET /admin/orders?limit=30 from ::1
>>> 2026-09-13T15:38:23.786Z GET /allproducts from ::1
>>> 2026-09-13T15:38:24.024Z GET /admin/orders?limit=30 from ::1
>>> 2026-09-13T15:39:23.800Z GET /allproducts from ::1
>>> 2026-09-13T15:39:24.001Z GET /admin/orders?limit=30 from ::1
>>> 2026-09-13T15:40:23.805Z GET /allproducts from ::1
>>> 2026-09-13T15:40:23.993Z GET /admin/orders?limit=30 from ::1
>>> 2026-09-13T15:41:23.812Z GET /allproducts from ::1
>>> 2026-09-13T15:41:24.177Z GET /admin/orders?limit=30 from ::1
>>> 2026-09-13T15:42:23.797Z GET /allproducts from ::1
>>> 2026-09-13T15:42:23.989Z GET /admin/orders?limit=30 from ::1
>>> 2026-09-13T15:43:23.810Z GET /allproducts from ::1
>>> 2026-09-13T15:43:23.999Z GET /admin/orders?limit=30 from ::1
>>> 2026-09-13T15:44:20.531Z GET /user/profile from ::1
>>> 2026-09-13T15:44:20.565Z GET /userfavorites from ::1
>>> 2026-09-13T15:44:20.568Z POST /getcart from ::1
>>> 2026-09-13T15:44:20.705Z GET /allproducts from ::1
>>> 2026-09-13T15:44:20.748Z GET /allproducts from ::1
>>> 2026-09-13T15:44:23.754Z POST /getcart from ::1
>>> 2026-09-13T15:44:23.791Z GET /userfavorites from ::1
>>> 2026-09-13T15:44:23.797Z GET /allproducts from ::1
>>> 2026-09-13T15:44:23.799Z GET /user/profile from ::1
>>> 2026-09-13T15:44:23.899Z GET /allproducts from ::1
>>> 2026-09-13T15:44:23.946Z GET /allproducts from ::1
>>> 2026-09-13T15:44:23.964Z GET /admin/orders?limit=30 from ::1
>>> 2026-09-13T15:44:27.487Z POST /getcart from ::1
>>> 2026-09-13T15:44:27.528Z GET /userfavorites from ::1
>>> 2026-09-13T15:44:27.553Z GET /user/profile from ::1
>>> 2026-09-13T15:44:27.640Z GET /allproducts from ::1
>>> 2026-09-13T15:44:27.676Z GET /allproducts from ::1
>>> 2026-09-13T15:44:30.149Z POST /getcart from ::1
>>> 2026-09-13T15:44:30.184Z GET /allproducts from ::1
>>> 2026-09-13T15:44:30.193Z GET /userfavorites from ::1
>>> 2026-09-13T15:44:30.200Z GET /user/profile from ::1
>>> 2026-09-13T15:44:30.302Z GET /allproducts from ::1
>>> 2026-09-13T15:44:30.339Z GET /allproducts from ::1
>>> 2026-09-13T15:44:37.733Z GET /allproducts from ::1
>>> 2026-09-13T15:44:46.152Z GET /allproducts from ::1
>>> 2026-09-13T15:45:00.462Z GET /allproducts from ::1
>>> 2026-09-13T15:45:23.792Z GET /allproducts from ::1
>>> 2026-09-13T15:45:23.982Z GET /admin/orders?limit=30 from ::1
>>> 2026-09-13T15:46:17.070Z GET /allproducts from ::1
>>> 2026-09-13T15:46:23.806Z GET /allproducts from ::1
>>> 2026-09-13T15:46:24.028Z GET /admin/orders?limit=30 from ::1
>>> 2026-09-13T15:47:23.796Z GET /allproducts from ::1
>>> 2026-09-13T15:47:23.971Z GET /admin/orders?limit=30 from ::1
>>> 2026-09-13T15:47:53.285Z GET /allproducts from ::1
>>> 2026-09-13T15:47:56.185Z GET /allproducts from ::1
>>> 2026-09-13T15:48:23.796Z GET /allproducts from ::1
>>> 2026-09-13T15:48:23.950Z GET /admin/orders?limit=30 from ::1
>>> 2026-09-13T15:48:29.286Z POST /getcart from ::1
>>> 2026-09-13T15:48:29.321Z GET /allproducts from ::1
>>> 2026-09-13T15:48:29.326Z GET /user/profile from ::1
>>> 2026-09-13T15:48:29.332Z GET /userfavorites from ::1
>>> 2026-09-13T15:48:29.430Z GET /allproducts from ::1
>>> 2026-09-13T15:48:29.474Z GET /allproducts from ::1
>>> 2026-09-13T15:48:42.856Z POST /getcart from ::1
>>> 2026-09-13T15:48:42.887Z GET /userfavorites from ::1
>>> 2026-09-13T15:48:42.892Z GET /user/profile from ::1
>>> 2026-09-13T15:48:43.013Z GET /allproducts from ::1
>>> 2026-09-13T15:48:43.045Z GET /allproducts from ::1
>>> 2026-09-13T15:48:45.375Z POST /getcart from ::1
>>> 2026-09-13T15:48:45.407Z GET /userfavorites from ::1
>>> 2026-09-13T15:48:45.412Z GET /allproducts from ::1
>>> 2026-09-13T15:48:45.414Z GET /user/profile from ::1
>>> 2026-09-13T15:48:45.517Z GET /allproducts from ::1
>>> 2026-09-13T15:48:45.550Z GET /allproducts from ::1
>>> 2026-09-13T15:49:23.820Z GET /allproducts from ::1
>>> 2026-09-13T15:49:24.014Z GET /admin/orders?limit=30 from ::1
>>> 2026-09-13T15:49:35.298Z GET /allproducts from ::1
>>> 2026-09-13T15:49:47.216Z GET /allproducts from ::1
>>> 2026-09-13T15:49:47.234Z GET /userfavorites from ::1
>>> 2026-09-13T15:49:47.239Z GET /allproducts from ::1
>>> 2026-09-13T15:49:47.240Z GET /user/profile from ::1
>>> 2026-09-13T15:49:47.244Z POST /getcart from ::1
>>> 2026-09-13T15:49:47.368Z GET /allproducts from ::1
>>> 2026-09-13T15:49:47.415Z GET /allproducts from ::1
>>> 2026-09-13T15:50:23.796Z GET /allproducts from ::1
>>> 2026-09-13T15:50:23.965Z GET /admin/orders?limit=30 from ::1
>>> 2026-09-13T15:51:23.820Z GET /allproducts from ::1
>>> 2026-09-13T15:51:23.982Z GET /admin/orders?limit=30 from ::1
>>> 2026-09-13T15:52:23.810Z GET /allproducts from ::1
>>> 2026-09-13T15:52:23.981Z GET /admin/orders?limit=30 from ::1
>>> 2026-09-13T15:52:34.021Z GET /allproducts from ::1
>>> 2026-09-13T15:52:38.032Z GET /allproducts from ::1
>>> 2026-09-13T15:53:23.810Z GET /allproducts from ::1
>>> 2026-09-13T15:53:23.992Z GET /admin/orders?limit=30 from ::1
>>> 2026-09-13T15:54:06.662Z GET /allproducts from ::1
>>> 2026-09-13T15:54:13.281Z GET /allproducts from ::1
>>> 2026-09-13T15:54:23.798Z GET /allproducts from ::1
>>> 2026-09-13T15:54:23.990Z GET /admin/orders?limit=30 from ::1
>>> 2026-09-13T15:54:54.237Z POST /getcart from ::1
>>> 2026-09-13T15:54:54.264Z GET /user/profile from ::1
>>> 2026-09-13T15:54:54.278Z GET /userfavorites from ::1
>>> 2026-09-13T15:54:54.286Z GET /allproducts from ::1
>>> 2026-09-13T15:54:54.373Z GET /allproducts from ::1
>>> 2026-09-13T15:54:54.526Z GET /allproducts from ::1
>>> 2026-09-13T15:55:10.777Z GET /user/profile from ::1
>>> 2026-09-13T15:55:10.803Z GET /userfavorites from ::1
>>> 2026-09-13T15:55:10.810Z POST /getcart from ::1
>>> 2026-09-13T15:55:10.946Z GET /allproducts from ::1
>>> 2026-09-13T15:55:10.979Z GET /allproducts from ::1
>>> 2026-09-13T15:55:13.326Z POST /getcart from ::1
>>> 2026-09-13T15:55:13.429Z GET /userfavorites from ::1
>>> 2026-09-13T15:55:13.436Z GET /allproducts from ::1
>>> 2026-09-13T15:55:13.437Z GET /user/profile from ::1
>>> 2026-09-13T15:55:13.570Z GET /allproducts from ::1
>>> 2026-09-13T15:55:13.624Z GET /allproducts from ::1
>>> 2026-09-13T15:55:23.802Z GET /allproducts from ::1
>>> 2026-09-13T15:55:24.014Z GET /admin/orders?limit=30 from ::1
>>> 2026-09-13T15:56:23.811Z GET /allproducts from ::1
>>> 2026-09-13T15:56:24.011Z GET /admin/orders?limit=30 from ::1
>>> 2026-09-13T15:56:32.284Z GET /allproducts from ::1
>>> 2026-09-13T15:57:23.798Z GET /allproducts from ::1
>>> 2026-09-13T15:57:23.988Z GET /admin/orders?limit=30 from ::1
>>> 2026-09-13T15:58:23.881Z GET /allproducts from ::1
>>> 2026-09-13T15:58:24.035Z GET /admin/orders?limit=30 from ::1
>>> 2026-09-13T15:59:23.807Z GET /allproducts from ::1
>>> 2026-09-13T15:59:23.986Z GET /admin/orders?limit=30 from ::1
>>> 2026-09-13T16:00:23.801Z GET /allproducts from ::1
>>> 2026-09-13T16:00:23.968Z GET /admin/orders?limit=30 from ::1
>>> 2026-09-13T16:01:23.824Z GET /allproducts from ::1
>>> 2026-09-13T16:01:24.037Z GET /admin/orders?limit=30 from ::1
>>> 2026-09-13T16:02:23.790Z GET /allproducts from ::1
>>> 2026-09-13T16:02:23.968Z GET /admin/orders?limit=30 from ::1
>>> 2026-09-13T16:03:23.816Z GET /allproducts from ::1
>>> 2026-09-13T16:03:24.399Z GET /admin/orders?limit=30 from ::1
>>> 2026-09-13T16:04:23.817Z GET /allproducts from ::1
>>> 2026-09-13T16:04:24.073Z GET /admin/orders?limit=30 from ::1
>>> 2026-09-13T16:05:23.826Z GET /allproducts from ::1
>>> 2026-09-13T16:05:24.046Z GET /admin/orders?limit=30 from ::1
>>> 2026-09-13T16:05:48.511Z GET /allproducts from ::1
>>> 2026-09-13T16:05:48.712Z GET /admin/orders?limit=30 from ::1
>>> 2026-09-13T16:05:49.685Z GET /allproducts from ::1
>>> 2026-09-13T16:05:49.693Z GET /allproducts?showDeleted=false from ::1
>>> 2026-09-13T16:05:49.696Z GET /allsequences from ::1
>>> 2026-09-13T16:05:49.699Z GET /categories from ::1
>>> 2026-09-13T16:05:49.702Z GET /brands from ::1
>>> 2026-09-13T16:05:49.738Z GET /brands from ::1
>>> 2026-09-13T16:05:49.749Z GET /categories from ::1
>>> 2026-09-13T16:05:49.843Z GET /allproducts?showDeleted=false from ::1
>>> 2026-09-13T16:05:49.877Z GET /allproducts from ::1
>>> 2026-09-13T16:05:49.931Z GET /admin/orders?limit=30 from ::1
>>> 2026-09-13T16:05:49.959Z GET /allsequences from ::1
>>> 2026-09-13T16:05:49.989Z GET /allproducts?showDeleted=false from ::1
>>> 2026-09-13T16:05:50.127Z GET /allproducts?showDeleted=false from ::1
>>> 2026-09-13T16:05:50.158Z GET /admin/orders?limit=30 from ::1
>>> 2026-09-13T16:05:56.441Z GET /allproducts from ::1
>>> 2026-09-13T16:05:56.444Z GET /categories from ::1
>>> 2026-09-13T16:05:56.479Z GET /categories from ::1
>>> 2026-09-13T16:05:56.644Z GET /allproducts from ::1
>>> 2026-09-13T16:05:58.034Z GET /admin/audit-log?page=1&limit=25 from ::1
>>> 2026-09-13T16:05:58.042Z GET /admin/audit-log?limit=1 from ::1
>>> 2026-09-13T16:05:58.045Z GET /admin/sessions from ::1
>>> 2026-09-13T16:05:58.084Z GET /admin/sessions from ::1
>>> 2026-09-13T16:05:58.090Z GET /admin/audit-log?limit=1 from ::1
>>> 2026-09-13T16:05:58.110Z GET /admin/audit-log?page=1&limit=25 from ::1
>>> 2026-09-13T16:06:03.207Z GET /admin/sessions from ::1
>>> 2026-09-13T16:06:03.255Z GET /admin/sessions from ::1
>>> 2026-09-13T16:06:07.601Z GET /admin/sessions from ::1
>>> 2026-09-13T16:06:19.778Z GET /allproducts from ::1
>>> 2026-09-13T16:06:20.009Z GET /admin/orders?limit=30 from ::1
>>> 2026-09-13T16:06:49.797Z GET /allproducts from ::1
>>> 2026-09-13T16:06:50.012Z GET /admin/orders?limit=30 from ::1
>>> 2026-09-13T16:07:19.887Z GET /allproducts from ::1
>>> 2026-09-13T16:07:20.043Z GET /admin/orders?limit=30 from ::1
>>> 2026-09-13T16:07:39.432Z GET /allproducts from ::1
>>> 2026-09-13T16:07:39.435Z GET /admin/audit-log?page=1&limit=25 from ::1
>>> 2026-09-13T16:07:39.440Z GET /admin/audit-log?limit=1 from ::1
>>> 2026-09-13T16:07:39.444Z GET /admin/sessions from ::1
>>> 2026-09-13T16:07:39.481Z GET /admin/audit-log?limit=1 from ::1
>>> 2026-09-13T16:07:39.490Z GET /admin/sessions from ::1
>>> 2026-09-13T16:07:39.524Z GET /admin/audit-log?page=1&limit=25 from ::1
>>> 2026-09-13T16:07:39.581Z GET /allproducts from ::1
>>> 2026-09-13T16:07:39.586Z GET /admin/orders?limit=30 from ::1
>>> 2026-09-13T16:07:39.783Z GET /admin/orders?limit=30 from ::1
>>> 2026-09-13T16:07:40.780Z GET /admin/sessions from ::1
>>> 2026-09-13T16:07:40.825Z GET /admin/sessions from ::1
>>> 2026-09-13T16:07:41.929Z GET /admin/audit-log?page=1&limit=25 from ::1
>>> 2026-09-13T16:07:41.996Z GET /admin/audit-log?page=1&limit=25 from ::1
>>> 2026-09-13T16:07:43.157Z GET /admin/stats/overview from ::1
>>> 2026-09-13T16:07:43.168Z GET /saleslog?period=year&year=2026 from ::1
>>> 2026-09-13T16:07:43.175Z GET /allproducts?showDeleted=false from ::1
>>> 2026-09-13T16:07:43.178Z GET /allsequences from ::1
>>> 2026-09-13T16:07:43.257Z GET /admin/stats/overview from ::1
>>> 2026-09-13T16:07:43.333Z GET /allproducts?showDeleted=false from ::1
>>> 2026-09-13T16:07:43.408Z GET /allsequences from ::1
>>> 2026-09-13T16:07:43.485Z GET /saleslog?period=year&year=2026 from ::1
>>> 2026-09-13T16:07:43.559Z POST /admin/ai/sales-analysis from ::1
>>> 2026-09-13T16:07:43.868Z POST /admin/ai/sales-analysis from ::1
>>> 2026-09-13T16:07:43.876Z POST /admin/ai/sales-analysis from ::1
>>> 2026-09-13T16:08:07.656Z GET /categories from ::1
>>> 2026-09-13T16:08:07.660Z GET /brands from ::1
>>> 2026-09-13T16:08:07.665Z GET /allproducts from ::1
>>> 2026-09-13T16:08:07.667Z GET /userfavorites from ::1
>>> 2026-09-13T16:08:07.672Z GET /user/profile from ::1
>>> 2026-09-13T16:08:08.178Z POST /getcart from ::1
>>> 2026-09-13T16:08:08.242Z GET /sizes from ::1
>>> 2026-09-13T16:08:08.245Z GET /getreviews/50 from ::1
>>> 2026-09-13T16:08:08.255Z GET /allproducts from ::1
>>> 2026-09-13T16:08:08.438Z GET /allproducts from ::1
>>> 2026-09-13T16:08:09.813Z GET /allproducts from ::1
>>> 2026-09-13T16:08:10.239Z GET /admin/orders?limit=30 from ::1
>>> 2026-09-13T16:08:39.802Z GET /allproducts from ::1
>>> 2026-09-13T16:08:40.035Z GET /admin/orders?limit=30 from ::1
>>> 2026-09-13T16:08:59.544Z GET /user/profile from ::1
>>> 2026-09-13T16:08:59.593Z GET /user/profile from ::1
>>> 2026-09-13T16:08:59.641Z GET /orderhistory?page=1&limit=1&status=all from ::1
[OrderHistory] User: 6a24564570942048bfcc7092, Status Filter: all
[OrderHistory] Final Query: {"$or":[{"userId":"6a24564570942048bfcc7092"},{"user":"6a24564570942048bfcc7092"},{"userId":"6a24564570942048bfcc7092"},{"user":"6a24564570942048bfcc7092"}]}
>>> 2026-09-13T16:08:59.777Z GET /myreviews from ::1
>>> 2026-09-13T16:09:04.373Z GET /user/profile from ::1
>>> 2026-09-13T16:09:04.420Z GET /user/profile from ::1
>>> 2026-09-13T16:09:09.792Z GET /allproducts from ::1
>>> 2026-09-13T16:09:09.991Z GET /admin/orders?limit=30 from ::1
>>> 2026-09-13T16:09:10.003Z GET /newcollections from ::1
>>> 2026-09-13T16:09:10.007Z GET /featured from ::1
>>> 2026-09-13T16:09:10.013Z GET /user/profile from ::1
>>> 2026-09-13T16:09:11.201Z GET /user/profile from ::1
>>> 2026-09-13T16:09:11.207Z GET /subcategories?category=shoes from ::1
>>> 2026-09-13T16:09:14.415Z GET /user/profile from ::1
>>> 2026-09-13T16:09:14.423Z GET /sizes from ::1
>>> 2026-09-13T16:09:14.425Z GET /getreviews/51 from ::1
>>> 2026-09-13T16:09:14.428Z GET /allproducts from ::1
>>> 2026-09-13T16:09:14.588Z GET /allproducts from ::1
>>> 2026-09-13T16:09:25.561Z GET /newcollections from ::1
>>> 2026-09-13T16:09:25.565Z GET /featured from ::1
>>> 2026-09-13T16:09:25.568Z GET /user/profile from ::1
>>> 2026-09-13T16:09:36.349Z GET /admin/audit-log?page=1&limit=25 from ::1
>>> 2026-09-13T16:09:36.356Z GET /admin/audit-log?limit=1 from ::1
>>> 2026-09-13T16:09:36.360Z GET /admin/sessions from ::1
>>> 2026-09-13T16:09:36.399Z GET /admin/audit-log?limit=1 from ::1
>>> 2026-09-13T16:09:36.419Z GET /admin/sessions from ::1
>>> 2026-09-13T16:09:36.434Z GET /admin/audit-log?page=1&limit=25 from ::1
>>> 2026-09-13T16:09:37.157Z GET /admin/sessions from ::1
>>> 2026-09-13T16:09:37.198Z GET /admin/sessions from ::1
>>> 2026-09-13T16:09:39.003Z GET /admin/sessions from ::1
>>> 2026-09-13T16:09:39.436Z GET /allproducts from ::1
>>> 2026-09-13T16:09:39.587Z GET /admin/orders?limit=30 from ::1
>>> 2026-09-13T16:10:09.792Z GET /allproducts from ::1
>>> 2026-09-13T16:10:09.971Z GET /admin/orders?limit=30 from ::1
>>> 2026-09-13T16:10:39.793Z GET /allproducts from ::1
>>> 2026-09-13T16:10:39.983Z GET /admin/orders?limit=30 from ::1
>>> 2026-09-13T16:11:09.134Z GET / from ::1
>>> 2026-09-13T16:11:09.189Z GET / from ::1
>>> 2026-09-13T16:11:09.792Z GET /allproducts from ::1
>>> 2026-09-13T16:11:09.936Z GET /admin/orders?limit=30 from ::1
>>> 2026-09-13T16:11:39.782Z GET /allproducts from ::1
>>> 2026-09-13T16:11:39.963Z GET /admin/orders?limit=30 from ::1
>>> 2026-09-13T16:11:53.756Z GET /allproducts from ::1
>>> 2026-09-13T16:11:53.762Z GET /admin/audit-log?page=1&limit=25 from ::1
>>> 2026-09-13T16:11:53.775Z GET /admin/audit-log?limit=1 from ::1
>>> 2026-09-13T16:11:53.781Z GET /admin/sessions from ::1
>>> 2026-09-13T16:11:53.826Z GET /admin/audit-log?limit=1 from ::1
>>> 2026-09-13T16:11:53.856Z GET /admin/sessions from ::1
>>> 2026-09-13T16:11:53.866Z GET /admin/audit-log?page=1&limit=25 from ::1
>>> 2026-09-13T16:11:53.919Z GET /allproducts from ::1
>>> 2026-09-13T16:11:53.924Z GET /admin/orders?limit=30 from ::1
>>> 2026-09-13T16:11:54.097Z GET /admin/orders?limit=30 from ::1
>>> 2026-09-13T16:11:54.686Z GET /admin/sessions from ::1
>>> 2026-09-13T16:11:54.744Z GET /admin/sessions from ::1
>>> 2026-09-13T16:11:59.913Z POST /admin/force-logout from ::1
>>> 2026-09-13T16:12:11.983Z GET /allproducts from ::1
>>> 2026-09-13T16:12:11.987Z GET /admin/audit-log?page=1&limit=25 from ::1
>>> 2026-09-13T16:12:11.990Z GET /admin/audit-log?limit=1 from ::1
>>> 2026-09-13T16:12:12.006Z GET /admin/sessions from ::1
>>> 2026-09-13T16:12:12.049Z GET /admin/audit-log?limit=1 from ::1
>>> 2026-09-13T16:12:12.058Z GET /admin/sessions from ::1
>>> 2026-09-13T16:12:12.068Z GET /admin/audit-log?page=1&limit=25 from ::1
>>> 2026-09-13T16:12:12.156Z GET /allproducts from ::1
>>> 2026-09-13T16:12:12.164Z GET /admin/orders?limit=30 from ::1
>>> 2026-09-13T16:12:12.305Z GET /admin/orders?limit=30 from ::1
>>> 2026-09-13T16:12:42.789Z GET /allproducts from ::1
>>> 2026-09-13T16:12:42.974Z GET /admin/orders?limit=30 from ::1
>>> 2026-09-13T16:13:12.788Z GET /allproducts from ::1
>>> 2026-09-13T16:13:12.959Z GET /admin/orders?limit=30 from ::1
>>> 2026-09-13T16:13:42.801Z GET /allproducts from ::1
>>> 2026-09-13T16:13:42.959Z GET /admin/orders?limit=30 from ::1
>>> 2026-09-13T16:14:12.783Z GET /allproducts from ::1
>>> 2026-09-13T16:14:12.945Z GET /admin/orders?limit=30 from ::1
>>> 2026-09-13T16:14:42.785Z GET /allproducts from ::1
>>> 2026-09-13T16:14:42.931Z GET /admin/orders?limit=30 from ::1
>>> 2026-09-13T16:15:12.789Z GET /allproducts from ::1
>>> 2026-09-13T16:15:12.944Z GET /admin/orders?limit=30 from ::1
>>> 2026-09-13T16:15:42.783Z GET /allproducts from ::1
>>> 2026-09-13T16:15:42.940Z GET /admin/orders?limit=30 from ::1
>>> 2026-09-13T16:16:23.809Z GET /allproducts from ::1
>>> 2026-09-13T16:16:23.996Z GET /admin/orders?limit=30 from ::1
>>> 2026-09-13T16:17:11.573Z GET /allproducts from ::1
>>> 2026-09-13T16:17:11.747Z GET /admin/orders?limit=30 from ::1
>>> 2026-09-13T16:17:13.489Z GET /allproducts from ::1
>>> 2026-09-13T16:17:13.495Z GET /admin/audit-log?page=1&limit=25 from ::1
>>> 2026-09-13T16:17:13.499Z GET /admin/audit-log?limit=1 from ::1
>>> 2026-09-13T16:17:13.502Z GET /admin/sessions from ::1
>>> 2026-09-13T16:17:13.546Z GET /admin/audit-log?limit=1 from ::1
>>> 2026-09-13T16:17:13.553Z GET /admin/sessions from ::1
>>> 2026-09-13T16:17:13.569Z GET /admin/audit-log?page=1&limit=25 from ::1
>>> 2026-09-13T16:17:13.654Z GET /allproducts from ::1
>>> 2026-09-13T16:17:13.658Z GET /admin/orders?limit=30 from ::1
>>> 2026-09-13T16:17:13.823Z GET /admin/orders?limit=30 from ::1
>>> 2026-09-13T16:17:29.858Z GET /admin/audit-log?page=2&limit=25 from ::1
>>> 2026-09-13T16:17:30.539Z GET /admin/audit-log?page=3&limit=25 from ::1
>>> 2026-09-13T16:17:31.109Z GET /admin/audit-log?page=4&limit=25 from ::1
>>> 2026-09-13T16:17:34.994Z GET /admin/audit-log?page=3&limit=25 from ::1
>>> 2026-09-13T16:17:38.748Z GET /admin/audit-log?page=2&limit=25 from ::1
>>> 2026-09-13T16:17:39.205Z GET /admin/audit-log?page=1&limit=25 from ::1
>>> 2026-09-13T16:17:43.500Z GET /allproducts from ::1
>>> 2026-09-13T16:17:43.687Z GET /admin/orders?limit=30 from ::1
>>> 2026-09-13T16:17:46.426Z GET /admin/audit-log?page=1&limit=25&action=mark_sold from ::1
>>> 2026-09-13T16:17:50.463Z GET /admin/audit-log?page=1&limit=25&action=login from ::1
>>> 2026-09-13T16:17:52.993Z GET /admin/audit-log?page=1&limit=25&action=logout from ::1
>>> 2026-09-13T16:17:54.500Z GET /admin/audit-log?page=1&limit=25&action=product_add from ::1
>>> 2026-09-13T16:18:13.797Z GET /allproducts from ::1
>>> 2026-09-13T16:18:14.009Z GET /admin/orders?limit=30 from ::1
>>> 2026-09-13T16:18:43.787Z GET /allproducts from ::1
>>> 2026-09-13T16:18:44.034Z GET /admin/orders?limit=30 from ::1
>>> 2026-09-13T16:18:44.969Z GET /user/profile from ::1
>>> 2026-09-13T16:18:44.979Z POST /getcart from ::1
>>> 2026-09-13T16:18:44.983Z GET /userfavorites from ::1
>>> 2026-09-13T16:18:45.126Z GET /allproducts from ::1
>>> 2026-09-13T16:18:47.475Z POST /getcart from ::1
>>> 2026-09-13T16:18:47.512Z GET /allproducts from ::1
>>> 2026-09-13T16:18:47.520Z GET /userfavorites from ::1
>>> 2026-09-13T16:18:47.526Z GET /user/profile from ::1
>>> 2026-09-13T16:18:47.629Z GET /allproducts from ::1
>>> 2026-09-13T16:19:13.789Z GET /allproducts from ::1
>>> 2026-09-13T16:19:13.968Z GET /admin/orders?limit=30 from ::1
>>> 2026-09-13T16:19:43.797Z GET /allproducts from ::1
>>> 2026-09-13T16:19:43.974Z GET /admin/orders?limit=30 from ::1
>>> 2026-09-13T16:20:13.791Z GET /allproducts from ::1
>>> 2026-09-13T16:20:14.007Z GET /admin/orders?limit=30 from ::1
>>> 2026-09-13T16:20:43.783Z GET /allproducts from ::1
>>> 2026-09-13T16:20:43.989Z GET /admin/orders?limit=30 from ::1
>>> 2026-09-13T16:21:23.883Z GET /allproducts from ::1
>>> 2026-09-13T16:21:24.055Z GET /admin/orders?limit=30 from ::1
>>> 2026-09-13T16:22:23.811Z GET /allproducts from ::1
>>> 2026-09-13T16:22:23.978Z GET /admin/orders?limit=30 from ::1
>>> 2026-09-13T16:23:23.788Z GET /allproducts from ::1
>>> 2026-09-13T16:23:23.935Z GET /admin/orders?limit=30 from ::1
>>> 2026-09-13T16:23:54.134Z GET /allproducts from ::1
>>> 2026-09-13T16:24:04.098Z GET /allproducts from ::1
>>> 2026-09-13T16:24:04.109Z GET /admin/audit-log?page=1&limit=25 from ::1
>>> 2026-09-13T16:24:04.115Z GET /admin/sessions from ::1
>>> 2026-09-13T16:24:04.122Z GET /admin/audit-log?limit=1 from ::1
>>> 2026-09-13T16:24:04.162Z GET /admin/sessions from ::1
>>> 2026-09-13T16:24:04.173Z GET /admin/audit-log?limit=1 from ::1
>>> 2026-09-13T16:24:04.184Z GET /admin/audit-log?page=1&limit=25 from ::1
>>> 2026-09-13T16:24:04.250Z GET /allproducts from ::1
>>> 2026-09-13T16:24:04.443Z GET /admin/orders?limit=30 from ::1
>>> 2026-09-13T16:24:04.563Z GET /admin/orders?limit=30 from ::1
>>> 2026-09-13T16:24:34.789Z GET /allproducts from ::1
>>> 2026-09-13T16:24:34.948Z GET /admin/orders?limit=30 from ::1
>>> 2026-09-13T16:25:04.788Z GET /allproducts from ::1
>>> 2026-09-13T16:25:04.936Z GET /admin/orders?limit=30 from ::1
>>> 2026-09-13T16:25:34.796Z GET /allproducts from ::1
>>> 2026-09-13T16:25:35.008Z GET /admin/orders?limit=30 from ::1
>>> 2026-09-13T16:26:04.794Z GET /allproducts from ::1
>>> 2026-09-13T16:26:04.950Z GET /admin/orders?limit=30 from ::1
>>> 2026-09-13T16:26:34.784Z GET /allproducts from ::1
>>> 2026-09-13T16:26:34.959Z GET /admin/orders?limit=30 from ::1
>>> 2026-09-13T16:27:04.795Z GET /allproducts from ::1
>>> 2026-09-13T16:27:04.947Z GET /admin/orders?limit=30 from ::1
>>> 2026-09-13T16:27:34.799Z GET /allproducts from ::1
>>> 2026-09-13T16:27:34.966Z GET /admin/orders?limit=30 from ::1
>>> 2026-09-13T16:28:04.801Z GET /allproducts from ::1
>>> 2026-09-13T16:28:04.977Z GET /admin/orders?limit=30 from ::1
>>> 2026-09-13T16:28:34.814Z GET /allproducts from ::1
>>> 2026-09-13T16:28:34.983Z GET /admin/orders?limit=30 from ::1
>>> 2026-09-13T16:29:04.806Z GET /allproducts from ::1
>>> 2026-09-13T16:29:04.976Z GET /admin/orders?limit=30 from ::1
>>> 2026-09-13T16:29:34.791Z GET /allproducts from ::1
>>> 2026-09-13T16:29:34.947Z GET /admin/orders?limit=30 from ::1
>>> 2026-09-13T16:30:04.791Z GET /allproducts from ::1
>>> 2026-09-13T16:30:04.961Z GET /admin/orders?limit=30 from ::1
>>> 2026-09-13T16:30:34.800Z GET /allproducts from ::1
>>> 2026-09-13T16:30:34.972Z GET /admin/orders?limit=30 from ::1
>>> 2026-09-13T16:31:23.788Z GET /allproducts from ::1
>>> 2026-09-13T16:31:23.945Z GET /admin/orders?limit=30 from ::1
>>> 2026-09-13T16:32:18.242Z GET /orderhistory?page=1&limit=1&status=all from ::1
[OrderHistory] User: 6a24564570942048bfcc7092, Status Filter: all
[OrderHistory] Final Query: {"$or":[{"userId":"6a24564570942048bfcc7092"},{"user":"6a24564570942048bfcc7092"},{"userId":"6a24564570942048bfcc7092"},{"user":"6a24564570942048bfcc7092"}]}
>>> 2026-09-13T16:32:18.254Z POST /getcart from ::1
>>> 2026-09-13T16:32:18.260Z GET /user/profile from ::1
>>> 2026-09-13T16:32:18.263Z GET /myreviews from ::1
>>> 2026-09-13T16:32:18.265Z GET /userfavorites from ::1
>>> 2026-09-13T16:32:18.383Z GET /allproducts from ::1
>>> 2026-09-13T16:32:20.745Z POST /getcart from ::1
>>> 2026-09-13T16:32:20.847Z GET /userfavorites from ::1
>>> 2026-09-13T16:32:20.849Z GET /user/profile from ::1
>>> 2026-09-13T16:32:20.890Z GET /userfavorites from ::1
>>> 2026-09-13T16:32:20.894Z GET /user/profile from ::1
>>> 2026-09-13T16:32:20.896Z POST /getcart from ::1
>>> 2026-09-13T16:32:20.989Z GET /allproducts from ::1
>>> 2026-09-13T16:32:21.142Z GET /allproducts from ::1
>>> 2026-09-13T16:32:23.793Z GET /allproducts from ::1
>>> 2026-09-13T16:32:23.955Z GET /admin/orders?limit=30 from ::1
>>> 2026-09-13T16:32:30.132Z POST /getcart from ::1
>>> 2026-09-13T16:32:30.176Z GET /user/profile from ::1
>>> 2026-09-13T16:32:30.180Z GET /userfavorites from ::1
>>> 2026-09-13T16:32:30.181Z GET /myreviews from ::1
>>> 2026-09-13T16:32:30.183Z GET /orderhistory?page=1&limit=1&status=all from ::1
[OrderHistory] User: 6a24564570942048bfcc7092, Status Filter: all
[OrderHistory] Final Query: {"$or":[{"userId":"6a24564570942048bfcc7092"},{"user":"6a24564570942048bfcc7092"},{"userId":"6a24564570942048bfcc7092"},{"user":"6a24564570942048bfcc7092"}]}
>>> 2026-09-13T16:32:30.274Z GET /allproducts from ::1
>>> 2026-09-13T16:32:32.706Z POST /getcart from ::1
>>> 2026-09-13T16:32:32.809Z GET /userfavorites from ::1
>>> 2026-09-13T16:32:32.816Z GET /user/profile from ::1
>>> 2026-09-13T16:32:32.822Z POST /getcart from ::1
>>> 2026-09-13T16:32:32.848Z GET /userfavorites from ::1
>>> 2026-09-13T16:32:32.851Z GET /user/profile from ::1
>>> 2026-09-13T16:32:32.965Z GET /allproducts from ::1
>>> 2026-09-13T16:32:33.109Z GET /allproducts from ::1
>>> 2026-09-13T16:33:23.794Z GET /allproducts from ::1
>>> 2026-09-13T16:33:23.977Z GET /admin/orders?limit=30 from ::1
>>> 2026-09-13T16:34:23.813Z GET /allproducts from ::1
>>> 2026-09-13T16:34:23.974Z GET /admin/orders?limit=30 from ::1
>>> 2026-09-13T16:35:23.812Z GET /allproducts from ::1
>>> 2026-09-13T16:35:23.967Z GET /admin/orders?limit=30 from ::1
>>> 2026-09-13T16:36:23.785Z GET /allproducts from ::1
>>> 2026-09-13T16:36:23.946Z GET /admin/orders?limit=30 from ::1
>>> 2026-09-13T16:36:55.000Z POST /getcart from ::1
>>> 2026-09-13T16:36:55.039Z GET /userfavorites from ::1
>>> 2026-09-13T16:36:55.041Z GET /user/profile from ::1
>>> 2026-09-13T16:36:55.158Z GET /allproducts from ::1
>>> 2026-09-13T16:36:57.565Z POST /getcart from ::1
>>> 2026-09-13T16:36:57.605Z GET /user/profile from ::1
>>> 2026-09-13T16:36:57.644Z GET /userfavorites from ::1
>>> 2026-09-13T16:36:57.656Z GET /allproducts from ::1
>>> 2026-09-13T16:36:57.720Z GET /allproducts from ::1
>>> 2026-09-13T16:37:23.790Z GET /allproducts from ::1
>>> 2026-09-13T16:37:23.959Z GET /admin/orders?limit=30 from ::1
>>> 2026-09-13T16:38:23.795Z GET /allproducts from ::1
>>> 2026-09-13T16:38:24.012Z GET /admin/orders?limit=30 from ::1
>>> 2026-09-13T16:39:23.811Z GET /allproducts from ::1
>>> 2026-09-13T16:39:23.989Z GET /admin/orders?limit=30 from ::1
>>> 2026-09-13T16:40:23.827Z GET /allproducts from ::1
>>> 2026-09-13T16:40:24.034Z GET /admin/orders?limit=30 from ::1
>>> 2026-09-13T16:41:09.973Z GET /allproducts from ::1
>>> 2026-09-13T16:41:12.876Z GET /allproducts from ::1
>>> 2026-09-13T16:41:23.785Z GET /allproducts from ::1
>>> 2026-09-13T16:41:23.983Z GET /admin/orders?limit=30 from ::1
>>> 2026-09-13T16:41:39.386Z POST /getcart from ::1
>>> 2026-09-13T16:41:39.427Z GET /user/profile from ::1
>>> 2026-09-13T16:41:39.432Z GET /userfavorites from ::1
>>> 2026-09-13T16:41:39.434Z GET /allproducts from ::1
>>> 2026-09-13T16:41:39.538Z GET /allproducts from ::1
>>> 2026-09-13T16:42:23.835Z GET /allproducts from ::1
>>> 2026-09-13T16:42:23.998Z GET /admin/orders?limit=30 from ::1
>>> 2026-09-13T16:43:23.797Z GET /allproducts from ::1
>>> 2026-09-13T16:43:23.993Z GET /admin/orders?limit=30 from ::1
>>> 2026-09-13T16:43:35.972Z GET /userfavorites from ::1
>>> 2026-09-13T16:43:35.991Z GET /user/profile from ::1
>>> 2026-09-13T16:43:35.994Z POST /getcart from ::1
>>> 2026-09-13T16:43:36.129Z GET /allproducts from ::1
>>> 2026-09-13T16:43:38.452Z POST /getcart from ::1
>>> 2026-09-13T16:43:38.482Z GET /allproducts from ::1
>>> 2026-09-13T16:43:38.493Z GET /user/profile from ::1
>>> 2026-09-13T16:43:38.495Z GET /userfavorites from ::1
>>> 2026-09-13T16:43:38.575Z GET /allproducts from ::1
>>> 2026-09-13T16:44:20.623Z GET /allproducts from ::1
>>> 2026-09-13T16:44:23.832Z GET /allproducts from ::1
>>> 2026-09-13T16:44:24.011Z GET /admin/orders?limit=30 from ::1
>>> 2026-09-13T16:44:24.113Z GET /allproducts from ::1
>>> 2026-09-13T16:45:07.344Z GET /allproducts from ::1
>>> 2026-09-13T16:45:14.043Z GET /allproducts from ::1
>>> 2026-09-13T16:45:16.958Z GET /allproducts from ::1
>>> 2026-09-13T16:45:23.798Z GET /allproducts from ::1
>>> 2026-09-13T16:45:23.981Z GET /admin/orders?limit=30 from ::1
>>> 2026-09-13T16:46:18.511Z GET /allproducts from ::1
>>> 2026-09-13T16:46:23.789Z GET /allproducts from ::1
>>> 2026-09-13T16:46:23.931Z GET /admin/orders?limit=30 from ::1
>>> 2026-09-13T16:47:23.784Z GET /allproducts from ::1
>>> 2026-09-13T16:47:23.963Z GET /admin/orders?limit=30 from ::1
>>> 2026-09-13T16:48:23.824Z GET /allproducts from ::1
>>> 2026-09-13T16:48:24.045Z GET /admin/orders?limit=30 from ::1
>>> 2026-09-13T16:49:23.811Z GET /allproducts from ::1
>>> 2026-09-13T16:49:23.966Z GET /admin/orders?limit=30 from ::1
>>> 2026-09-13T16:50:23.799Z GET /allproducts from ::1
>>> 2026-09-13T16:50:23.958Z GET /admin/orders?limit=30 from ::1
>>> 2026-09-13T16:50:35.684Z GET /categories from ::1
>>> 2026-09-13T16:50:35.687Z GET /brands from ::1
>>> 2026-09-13T16:50:35.690Z GET /user/profile from ::1
>>> 2026-09-13T16:50:35.691Z GET /userfavorites from ::1
>>> 2026-09-13T16:50:35.692Z GET /allproducts from ::1
>>> 2026-09-13T16:50:36.006Z POST /getcart from ::1
>>> 2026-09-13T16:50:58.288Z POST /login from ::1
>>> 2026-09-13T16:50:58.905Z GET /categories from ::1
>>> 2026-09-13T16:50:58.915Z GET /brands from ::1
>>> 2026-09-13T16:50:58.919Z GET /allproducts from ::1
>>> 2026-09-13T16:50:58.920Z GET /user/profile from ::1
>>> 2026-09-13T16:50:58.922Z GET /userfavorites from ::1
>>> 2026-09-13T16:50:59.136Z POST /getcart from ::1
>>> 2026-09-13T16:50:59.550Z GET /newcollections from ::1
>>> 2026-09-13T16:50:59.552Z GET /featured from ::1
>>> 2026-09-13T16:51:07.501Z GET /categories from ::1
>>> 2026-09-13T16:51:07.503Z GET /brands from ::1
>>> 2026-09-13T16:51:07.505Z GET /allproducts from ::1
>>> 2026-09-13T16:51:07.506Z GET /user/profile from ::1
>>> 2026-09-13T16:51:07.508Z GET /userfavorites from ::1
>>> 2026-09-13T16:51:07.717Z POST /getcart from ::1
>>> 2026-09-13T16:51:07.853Z GET /orderhistory?page=1&limit=10&status=all&t=1789318267845 from ::1
[OrderHistory] User: 6aa6d45431981a390487af4f, Status Filter: all
[OrderHistory] Final Query: {"$or":[{"userId":"6aa6d45431981a390487af4f"},{"user":"6aa6d45431981a390487af4f"},{"userId":"6aa6d45431981a390487af4f"},{"user":"6aa6d45431981a390487af4f"}]}
>>> 2026-09-13T16:51:23.795Z GET /allproducts from ::1
>>> 2026-09-13T16:51:24.007Z GET /admin/orders?limit=30 from ::1
>>> 2026-09-13T16:52:23.811Z GET /allproducts from ::1
>>> 2026-09-13T16:52:24.025Z GET /admin/orders?limit=30 from ::1
>>> 2026-09-13T16:52:24.391Z GET /allproducts from ::1
>>> 2026-09-13T16:53:23.784Z GET /allproducts from ::1
>>> 2026-09-13T16:53:23.960Z GET /admin/orders?limit=30 from ::1
>>> 2026-09-13T16:53:37.152Z GET /categories from ::1
>>> 2026-09-13T16:53:37.154Z GET /brands from ::1
>>> 2026-09-13T16:53:37.156Z GET /allproducts from ::1
>>> 2026-09-13T16:53:37.157Z GET /user/profile from ::1
>>> 2026-09-13T16:53:37.158Z GET /userfavorites from ::1
>>> 2026-09-13T16:53:37.352Z POST /getcart from ::1
>>> 2026-09-13T16:53:37.460Z GET /orderhistory?page=1&limit=10&status=all&t=1789318417457 from ::1
[OrderHistory] User: 6aa6d45431981a390487af4f, Status Filter: all
[OrderHistory] Final Query: {"$or":[{"userId":"6aa6d45431981a390487af4f"},{"user":"6aa6d45431981a390487af4f"},{"userId":"6aa6d45431981a390487af4f"},{"user":"6aa6d45431981a390487af4f"}]}
>>> 2026-09-13T16:54:19.786Z GET /allproducts from ::1
>>> 2026-09-13T16:54:23.797Z GET /allproducts from ::1
>>> 2026-09-13T16:54:23.948Z GET /admin/orders?limit=30 from ::1
>>> 2026-09-13T16:55:23.787Z GET /allproducts from ::1
>>> 2026-09-13T16:55:23.937Z GET /admin/orders?limit=30 from ::1
>>> 2026-09-13T16:56:15.750Z GET /categories from ::1
>>> 2026-09-13T16:56:15.752Z GET /brands from ::1
>>> 2026-09-13T16:56:15.754Z GET /user/profile from ::1
>>> 2026-09-13T16:56:15.756Z GET /allproducts from ::1
>>> 2026-09-13T16:56:15.756Z GET /userfavorites from ::1
>>> 2026-09-13T16:56:15.985Z POST /getcart from ::1
>>> 2026-09-13T16:56:16.266Z GET /orderhistory?page=1&limit=10&status=all&t=1789318576256 from ::1
[OrderHistory] User: 6aa6d45431981a390487af4f, Status Filter: all
[OrderHistory] Final Query: {"$or":[{"userId":"6aa6d45431981a390487af4f"},{"user":"6aa6d45431981a390487af4f"},{"userId":"6aa6d45431981a390487af4f"},{"user":"6aa6d45431981a390487af4f"}]}
>>> 2026-09-13T16:56:23.799Z GET /allproducts from ::1
>>> 2026-09-13T16:56:23.972Z GET /admin/orders?limit=30 from ::1
>>> 2026-09-13T16:57:23.796Z GET /allproducts from ::1
>>> 2026-09-13T16:57:23.950Z GET /admin/orders?limit=30 from ::1
>>> 2026-09-13T16:58:23.795Z GET /allproducts from ::1
>>> 2026-09-13T16:58:23.995Z GET /admin/orders?limit=30 from ::1
>>> 2026-09-13T16:59:23.791Z GET /allproducts from ::1
>>> 2026-09-13T16:59:23.997Z GET /admin/orders?limit=30 from ::1
>>> 2026-09-13T16:59:51.383Z GET /categories from ::1
>>> 2026-09-13T16:59:51.388Z GET /brands from ::1
>>> 2026-09-13T16:59:51.389Z GET /allproducts from ::1
>>> 2026-09-13T16:59:51.390Z GET /user/profile from ::1
>>> 2026-09-13T16:59:51.391Z GET /userfavorites from ::1
>>> 2026-09-13T16:59:51.603Z POST /getcart from ::1
>>> 2026-09-13T16:59:51.671Z GET /orderhistory?page=1&limit=10&status=all&t=1789318791666 from ::1
[OrderHistory] User: 6aa6d45431981a390487af4f, Status Filter: all
[OrderHistory] Final Query: {"$or":[{"userId":"6aa6d45431981a390487af4f"},{"user":"6aa6d45431981a390487af4f"},{"userId":"6aa6d45431981a390487af4f"},{"user":"6aa6d45431981a390487af4f"}]}
>>> 2026-09-13T17:00:23.794Z GET /allproducts from ::1
>>> 2026-09-13T17:00:23.972Z GET /admin/orders?limit=30 from ::1
>>> 2026-09-13T17:01:23.800Z GET /allproducts from ::1
>>> 2026-09-13T17:01:23.958Z GET /admin/orders?limit=30 from ::1
>>> 2026-09-13T17:02:23.790Z GET /allproducts from ::1
>>> 2026-09-13T17:02:23.983Z GET /admin/orders?limit=30 from ::1
[autoCancelExpiredReserved] 1 order(s) auto-cancelled — 15-min payment window expired.
>>> 2026-09-13T17:03:23.791Z GET /allproducts from ::1
>>> 2026-09-13T17:03:24.036Z GET /admin/orders?limit=30 from ::1
[autoCancelExpiredReserved] 1 order(s) auto-cancelled — 15-min payment window expired.
>>> 2026-09-13T17:04:23.793Z GET /allproducts from ::1
>>> 2026-09-13T17:04:24.005Z GET /admin/orders?limit=30 from ::1
>>> 2026-09-13T17:05:23.790Z GET /allproducts from ::1
>>> 2026-09-13T17:05:24.028Z GET /admin/orders?limit=30 from ::1
[autoCancelExpiredReserved] 3 order(s) auto-cancelled — 15-min payment window expired.
>>> 2026-09-13T17:06:23.843Z GET /allproducts from ::1
>>> 2026-09-13T17:06:24.055Z GET /admin/orders?limit=30 from ::1
>>> 2026-09-13T17:07:23.816Z GET /allproducts from ::1
>>> 2026-09-13T17:07:24.041Z GET /admin/orders?limit=30 from ::1
>>> 2026-09-13T17:08:23.813Z GET /allproducts from ::1
>>> 2026-09-13T17:08:24.015Z GET /admin/orders?limit=30 from ::1
>>> 2026-09-13T17:09:23.825Z GET /allproducts from ::1
>>> 2026-09-13T17:09:24.043Z GET /admin/orders?limit=30 from ::1
>>> 2026-09-13T17:10:23.792Z GET /allproducts from ::1
>>> 2026-09-13T17:10:23.991Z GET /admin/orders?limit=30 from ::1
>>> 2026-09-13T17:11:23.815Z GET /allproducts from ::1
>>> 2026-09-13T17:11:24.013Z GET /admin/orders?limit=30 from ::1
>>> 2026-09-13T17:12:23.865Z GET /allproducts from ::1
>>> 2026-09-13T17:12:24.065Z GET /admin/orders?limit=30 from ::1
>>> 2026-09-13T17:13:23.789Z GET /allproducts from ::1
>>> 2026-09-13T17:13:23.998Z GET /admin/orders?limit=30 from ::1
>>> 2026-09-13T17:14:23.796Z GET /allproducts from ::1
>>> 2026-09-13T17:14:24.019Z GET /admin/orders?limit=30 from ::1
>>> 2026-09-13T17:15:23.795Z GET /allproducts from ::1
>>> 2026-09-13T17:15:24.006Z GET /admin/orders?limit=30 from ::1
>>> 2026-09-13T17:16:23.789Z GET /allproducts from ::1
>>> 2026-09-13T17:16:24.001Z GET /admin/orders?limit=30 from ::1
>>> 2026-09-13T17:17:23.791Z GET /allproducts from ::1
>>> 2026-09-13T17:17:24.026Z GET /admin/orders?limit=30 from ::1
>>> 2026-09-13T17:18:23.797Z GET /allproducts from ::1
>>> 2026-09-13T17:18:23.980Z GET /admin/orders?limit=30 from ::1
>>> 2026-09-13T17:19:23.798Z GET /allproducts from ::1
>>> 2026-09-13T17:19:23.987Z GET /admin/orders?limit=30 from ::1
>>> 2026-09-13T17:19:38.655Z GET /allproducts from ::1
>>> 2026-09-13T17:19:41.097Z POST /getcart from ::1
>>> 2026-09-13T17:19:41.183Z GET /user/profile from ::1
>>> 2026-09-13T17:19:41.191Z GET /userfavorites from ::1
>>> 2026-09-13T17:19:41.240Z GET /allproducts from ::1
>>> 2026-09-13T17:19:58.330Z GET /allproducts from ::1
>>> 2026-09-13T17:19:58.528Z GET /admin/orders?limit=30 from ::1
>>> 2026-09-13T17:20:04.129Z GET /allproducts from ::1
>>> 2026-09-13T17:20:04.290Z GET /admin/orders?limit=30 from ::1
>>> 2026-09-13T17:20:34.796Z GET /allproducts from ::1
>>> 2026-09-13T17:20:34.987Z GET /admin/orders?limit=30 from ::1
>>> 2026-09-13T17:21:04.787Z GET /allproducts from ::1
>>> 2026-09-13T17:21:04.976Z GET /admin/orders?limit=30 from ::1
>>> 2026-09-13T17:21:34.799Z GET /allproducts from ::1
>>> 2026-09-13T17:21:35.000Z GET /admin/orders?limit=30 from ::1
>>> 2026-09-13T17:22:04.778Z GET /allproducts from ::1
>>> 2026-09-13T17:22:04.986Z GET /admin/orders?limit=30 from ::1
>>> 2026-09-13T17:22:34.799Z GET /allproducts from ::1
>>> 2026-09-13T17:22:34.982Z GET /admin/orders?limit=30 from ::1
>>> 2026-09-13T17:23:04.794Z GET /allproducts from ::1
>>> 2026-09-13T17:23:04.992Z GET /admin/orders?limit=30 from ::1
>>> 2026-09-13T17:23:34.799Z GET /allproducts from ::1
>>> 2026-09-13T17:23:35.047Z GET /admin/orders?limit=30 from ::1
>>> 2026-09-13T17:24:04.798Z GET /allproducts from ::1
>>> 2026-09-13T17:24:05.036Z GET /admin/orders?limit=30 from ::1
>>> 2026-09-13T17:24:34.775Z GET /allproducts from ::1
>>> 2026-09-13T17:24:34.976Z GET /admin/orders?limit=30 from ::1
>>> 2026-09-13T17:25:04.787Z GET /allproducts from ::1
>>> 2026-09-13T17:25:04.922Z GET /getreviews/51 from ::1
>>> 2026-09-13T17:25:04.927Z GET /sizes from ::1
>>> 2026-09-13T17:25:04.931Z GET /user/profile from ::1
>>> 2026-09-13T17:25:05.006Z GET /allproducts from ::1
>>> 2026-09-13T17:25:05.013Z GET /admin/orders?limit=30 from ::1
>>> 2026-09-13T17:25:05.127Z GET /allproducts from ::1
>>> 2026-09-13T17:25:05.402Z GET /user/profile from ::1
>>> 2026-09-13T17:25:05.407Z GET /subcategories?category=shoes from ::1
>>> 2026-09-13T17:25:05.801Z GET /user/profile from ::1
>>> 2026-09-13T17:25:05.806Z GET /featured from ::1
>>> 2026-09-13T17:25:05.809Z GET /newcollections from ::1
>>> 2026-09-13T17:25:06.165Z GET /user/profile from ::1
>>> 2026-09-13T17:25:06.212Z GET /user/profile from ::1
>>> 2026-09-13T17:25:06.549Z GET /user/profile from ::1
>>> 2026-09-13T17:25:06.592Z GET /user/profile from ::1
>>> 2026-09-13T17:25:06.657Z GET /orderhistory?page=1&limit=1&status=all from ::1
[OrderHistory] User: 6a24564570942048bfcc7092, Status Filter: all
[OrderHistory] Final Query: {"$or":[{"userId":"6a24564570942048bfcc7092"},{"user":"6a24564570942048bfcc7092"},{"userId":"6a24564570942048bfcc7092"},{"user":"6a24564570942048bfcc7092"}]}
>>> 2026-09-13T17:25:06.783Z GET /myreviews from ::1
>>> 2026-09-13T17:25:07.112Z GET /user/profile from ::1
>>> 2026-09-13T17:25:07.116Z GET /sizes from ::1
>>> 2026-09-13T17:25:07.117Z GET /getreviews/50 from ::1
>>> 2026-09-13T17:25:07.119Z GET /allproducts from ::1
>>> 2026-09-13T17:25:07.280Z GET /allproducts from ::1
>>> 2026-09-13T17:25:07.419Z GET /allproducts from ::1
>>> 2026-09-13T17:25:07.519Z POST /getcart from ::1
>>> 2026-09-13T17:25:07.552Z GET /user/profile from ::1
>>> 2026-09-13T17:25:07.721Z GET /sizes from ::1
>>> 2026-09-13T17:25:07.725Z GET /getreviews/51 from ::1
>>> 2026-09-13T17:25:07.726Z GET /allproducts from ::1
>>> 2026-09-13T17:25:07.796Z GET /user/profile from ::1
>>> 2026-09-13T17:25:07.800Z GET /subcategories?category=shoes from ::1
>>> 2026-09-13T17:25:07.900Z GET /allproducts from ::1
>>> 2026-09-13T17:26:05.789Z GET /allproducts from ::1
>>> 2026-09-13T17:26:06.002Z GET /admin/orders?limit=30 from ::1
>>> 2026-09-13T17:27:06.787Z GET /allproducts from ::1
>>> 2026-09-13T17:27:07.043Z GET /getreviews/1 from ::1
>>> 2026-09-13T17:27:07.046Z GET /sizes from ::1
>>> 2026-09-13T17:27:07.047Z GET /user/profile from ::1
>>> 2026-09-13T17:27:07.079Z GET /allproducts from ::1
>>> 2026-09-13T17:27:07.085Z GET /admin/orders?limit=30 from ::1
>>> 2026-09-13T17:27:07.221Z GET /allproducts from ::1
>>> 2026-09-13T17:27:10.059Z GET /user/profile from ::1
>>> 2026-09-13T17:27:10.064Z GET /getsavedaddresses from ::1
>>> 2026-09-13T17:27:14.040Z POST /placeorder from ::1
>>> 2026-09-13T17:27:14.831Z POST /create-checkout-session from ::1
>>> 2026-09-13T17:27:40.283Z GET /categories from ::1
>>> 2026-09-13T17:27:40.286Z GET /brands from ::1
>>> 2026-09-13T17:27:40.288Z GET /allproducts from ::1
>>> 2026-09-13T17:27:40.290Z GET /user/profile from ::1
>>> 2026-09-13T17:27:40.294Z GET /userfavorites from ::1
>>> 2026-09-13T17:27:40.472Z POST /getcart from ::1
>>> 2026-09-13T17:27:40.541Z GET /brands from ::1
>>> 2026-09-13T17:28:07.798Z GET /allproducts from ::1
>>> 2026-09-13T17:28:07.982Z GET /admin/orders?limit=30 from ::1
>>> 2026-09-13T17:29:08.793Z GET /allproducts from ::1
>>> 2026-09-13T17:29:09.010Z GET /admin/orders?limit=30 from ::1
>>> 2026-09-13T17:30:09.801Z GET /allproducts from ::1
>>> 2026-09-13T17:30:10.036Z GET /admin/orders?limit=30 from ::1
>>> 2026-09-13T17:31:10.788Z GET /allproducts from ::1
>>> 2026-09-13T17:31:10.994Z GET /admin/orders?limit=30 from ::1
>>> 2026-09-13T17:32:11.786Z GET /allproducts from ::1
>>> 2026-09-13T17:32:11.997Z GET /admin/orders?limit=30 from ::1
>>> 2026-09-13T17:33:12.795Z GET /allproducts from ::1
>>> 2026-09-13T17:33:12.962Z GET /admin/orders?limit=30 from ::1
>>> 2026-09-13T17:34:13.809Z GET /allproducts from ::1
>>> 2026-09-13T17:34:13.991Z GET /admin/orders?limit=30 from ::1
>>> 2026-09-13T17:35:14.779Z GET /allproducts from ::1
>>> 2026-09-13T17:35:14.944Z GET /admin/orders?limit=30 from ::1
>>> 2026-09-13T17:36:15.799Z GET /allproducts from ::1
>>> 2026-09-13T17:36:16.178Z GET /admin/orders?limit=30 from ::1
>>> 2026-09-13T17:36:27.222Z GET /subcategories?category=shoes from ::1
>>> 2026-09-13T17:36:27.224Z GET /user/profile from ::1
>>> 2026-09-13T17:36:57.137Z GET /allproducts from ::1
>>> 2026-09-13T17:36:57.357Z GET /admin/orders?limit=30 from ::1
>>> 2026-09-13T17:37:04.790Z GET /allproducts from ::1
>>> 2026-09-13T17:37:05.035Z GET /admin/orders?limit=30 from ::1
>>> 2026-09-13T17:37:34.787Z GET /allproducts from ::1
>>> 2026-09-13T17:37:35.013Z GET /admin/orders?limit=30 from ::1
>>> 2026-09-13T17:38:04.822Z GET /allproducts from ::1
>>> 2026-09-13T17:38:05.017Z GET /admin/orders?limit=30 from ::1
>>> 2026-09-13T17:38:34.795Z GET /allproducts from ::1
>>> 2026-09-13T17:38:35.043Z GET /admin/orders?limit=30 from ::1
>>> 2026-09-13T17:38:55.595Z GET /brands from ::1
>>> 2026-09-13T17:38:55.597Z GET /categories from ::1
>>> 2026-09-13T17:38:55.599Z GET /allproducts from ::1
>>> 2026-09-13T17:38:56.407Z GET /newcollections from ::1
>>> 2026-09-13T17:38:56.410Z GET /featured from ::1
>>> 2026-09-13T17:39:04.784Z GET /allproducts from ::1
>>> 2026-09-13T17:39:05.007Z GET /admin/orders?limit=30 from ::1
>>> 2026-09-13T17:39:15.042Z GET /subcategories?category=shoes from ::1
>>> 2026-09-13T17:39:16.068Z GET /sizes from ::1
>>> 2026-09-13T17:39:16.071Z GET /allproducts from ::1
>>> 2026-09-13T17:39:16.078Z GET /getreviews/1 from ::1
>>> 2026-09-13T17:39:16.222Z GET /allproducts from ::1
>>> 2026-09-13T17:39:26.125Z GET /categories from ::1
>>> 2026-09-13T17:39:26.128Z GET /brands from ::1
>>> 2026-09-13T17:39:26.131Z GET /allproducts from ::1
>>> 2026-09-13T17:39:26.133Z GET /user/profile from ::1
>>> 2026-09-13T17:39:26.136Z GET /userfavorites from ::1
>>> 2026-09-13T17:39:26.309Z POST /getcart from ::1
>>> 2026-09-13T17:39:26.377Z GET /getreviews/4 from ::1
>>> 2026-09-13T17:39:26.378Z GET /sizes from ::1
>>> 2026-09-13T17:39:26.379Z GET /allproducts from ::1
>>> 2026-09-13T17:39:26.521Z GET /allproducts from ::1
>>> 2026-09-13T17:39:27.576Z GET /user/profile from ::1
>>> 2026-09-13T17:39:27.581Z GET /subcategories?category=shoes from ::1
>>> 2026-09-13T17:39:28.344Z GET /user/profile from ::1
>>> 2026-09-13T17:39:28.351Z GET /sizes from ::1
>>> 2026-09-13T17:39:28.352Z GET /allproducts from ::1
>>> 2026-09-13T17:39:28.354Z GET /getreviews/1 from ::1
>>> 2026-09-13T17:39:28.509Z GET /allproducts from ::1
>>> 2026-09-13T17:39:31.437Z GET /user/profile from ::1
>>> 2026-09-13T17:39:31.444Z GET /getsavedaddresses from ::1
>>> 2026-09-13T17:39:34.787Z GET /allproducts from ::1
>>> 2026-09-13T17:39:34.962Z GET /admin/orders?limit=30 from ::1
>>> 2026-09-13T17:39:35.101Z POST /placeorder from ::1
>>> 2026-09-13T17:39:35.743Z POST /create-checkout-session from ::1
>>> 2026-09-13T17:40:04.800Z GET /allproducts from ::1
>>> 2026-09-13T17:40:05.007Z GET /admin/orders?limit=30 from ::1
>>> 2026-09-13T17:40:05.115Z GET /categories from ::1
>>> 2026-09-13T17:40:05.118Z GET /brands from ::1
>>> 2026-09-13T17:40:05.120Z GET /user/profile from ::1
>>> 2026-09-13T17:40:05.123Z GET /allproducts from ::1
>>> 2026-09-13T17:40:05.124Z GET /userfavorites from ::1
>>> 2026-09-13T17:40:05.277Z POST /getcart from ::1
>>> 2026-09-13T17:40:05.370Z GET /payment/verify/ORD-1789321175522 from ::1
>>> 2026-09-13T17:40:05.435Z GET /order/ORD-1789321175522 from ::1
>>> 2026-09-13T17:40:34.791Z GET /allproducts from ::1
>>> 2026-09-13T17:40:35.010Z GET /admin/orders?limit=30 from ::1
>>> 2026-09-13T17:41:04.789Z GET /allproducts from ::1
>>> 2026-09-13T17:41:04.971Z GET /admin/orders?limit=30 from ::1
>>> 2026-09-13T17:41:34.783Z GET /allproducts from ::1
>>> 2026-09-13T17:41:34.953Z GET /admin/orders?limit=30 from ::1
>>> 2026-09-13T17:42:04.789Z GET /allproducts from ::1
>>> 2026-09-13T17:42:04.964Z GET /admin/orders?limit=30 from ::1
[autoCancelExpiredReserved] 1 order(s) auto-cancelled — 15-min payment window expired.
>>> 2026-09-13T17:42:34.790Z GET /allproducts from ::1
>>> 2026-09-13T17:42:35.011Z GET /admin/orders?limit=30 from ::1
>>> 2026-09-13T17:43:04.797Z GET /allproducts from ::1
>>> 2026-09-13T17:43:04.980Z GET /admin/orders?limit=30 from ::1
>>> 2026-09-13T17:43:34.786Z GET /allproducts from ::1
>>> 2026-09-13T17:43:34.989Z GET /admin/orders?limit=30 from ::1
>>> 2026-09-13T17:44:04.783Z GET /allproducts from ::1
>>> 2026-09-13T17:44:04.985Z GET /admin/orders?limit=30 from ::1
>>> 2026-09-13T17:44:34.788Z GET /allproducts from ::1
>>> 2026-09-13T17:44:34.985Z GET /admin/orders?limit=30 from ::1
>>> 2026-09-13T17:45:04.802Z GET /allproducts from ::1
>>> 2026-09-13T17:45:04.988Z GET /admin/orders?limit=30 from ::1
>>> 2026-09-13T17:45:34.793Z GET /allproducts from ::1
>>> 2026-09-13T17:45:34.983Z GET /admin/orders?limit=30 from ::1
>>> 2026-09-13T17:46:04.798Z GET /allproducts from ::1
>>> 2026-09-13T17:46:04.977Z GET /admin/orders?limit=30 from ::1
>>> 2026-09-13T17:47:05.790Z GET /allproducts from ::1
>>> 2026-09-13T17:47:05.973Z GET /admin/orders?limit=30 from ::1
>>> 2026-09-13T17:48:06.797Z GET /allproducts from ::1
>>> 2026-09-13T17:48:06.980Z GET /admin/orders?limit=30 from ::1
>>> 2026-09-13T17:49:07.795Z GET /allproducts from ::1
>>> 2026-09-13T17:49:07.971Z GET /admin/orders?limit=30 from ::1
>>> 2026-09-13T17:50:08.802Z GET /allproducts from ::1
>>> 2026-09-13T17:50:08.994Z GET /admin/orders?limit=30 from ::1
>>> 2026-09-13T17:51:09.804Z GET /allproducts from ::1
>>> 2026-09-13T17:51:09.992Z GET /admin/orders?limit=30 from ::1
>>> 2026-09-13T17:52:10.799Z GET /allproducts from ::1
>>> 2026-09-13T17:52:11.009Z GET /admin/orders?limit=30 from ::1
>>> 2026-09-13T17:53:11.780Z GET /allproducts from ::1
>>> 2026-09-13T17:53:11.981Z GET /admin/orders?limit=30 from ::1
>>> 2026-09-13T17:53:21.830Z GET /newcollections from ::1
>>> 2026-09-13T17:53:21.834Z GET /featured from ::1
>>> 2026-09-13T17:53:21.839Z GET /user/profile from ::1
>>> 2026-09-13T17:53:25.532Z GET /user/profile from ::1
>>> 2026-09-13T17:53:25.541Z GET /subcategories?category=shoes from ::1
>>> 2026-09-13T17:53:26.245Z GET /user/profile from ::1
>>> 2026-09-13T17:53:26.258Z GET /sizes from ::1
>>> 2026-09-13T17:53:26.261Z GET /getreviews/1 from ::1
>>> 2026-09-13T17:53:26.263Z GET /allproducts from ::1
>>> 2026-09-13T17:53:26.427Z GET /allproducts from ::1
>>> 2026-09-13T17:53:29.113Z GET /user/profile from ::1
>>> 2026-09-13T17:53:29.124Z GET /getsavedaddresses from ::1
>>> 2026-09-13T17:53:34.737Z POST /placeorder from ::1
>>> 2026-09-13T17:53:35.317Z POST /create-checkout-session from ::1
>>> 2026-09-13T17:53:37.538Z GET /categories from ::1
>>> 2026-09-13T17:53:37.544Z GET /brands from ::1
>>> 2026-09-13T17:53:37.547Z GET /allproducts from ::1
>>> 2026-09-13T17:53:37.550Z GET /user/profile from ::1
>>> 2026-09-13T17:53:37.557Z GET /userfavorites from ::1
>>> 2026-09-13T17:53:37.724Z POST /getcart from ::1
>>> 2026-09-13T17:53:37.787Z GET /brands from ::1
>>> 2026-09-13T17:54:02.991Z GET /allproducts from ::1
>>> 2026-09-13T17:54:03.186Z GET /admin/orders?limit=30 from ::1
>>> 2026-09-13T17:54:08.571Z GET /categories from ::1
>>> 2026-09-13T17:54:08.575Z GET /brands from ::1
>>> 2026-09-13T17:54:08.576Z GET /user/profile from ::1
>>> 2026-09-13T17:54:08.582Z GET /userfavorites from ::1
>>> 2026-09-13T17:54:08.587Z GET /allproducts from ::1
>>> 2026-09-13T17:54:08.807Z POST /getcart from ::1
>>> 2026-09-13T17:54:08.971Z GET /sizes from ::1
>>> 2026-09-13T17:54:08.981Z GET /getreviews/4 from ::1
>>> 2026-09-13T17:54:08.987Z GET /allproducts from ::1
>>> 2026-09-13T17:54:09.167Z GET /allproducts from ::1
>>> 2026-09-13T17:54:16.683Z GET /categories from ::1
>>> 2026-09-13T17:54:16.687Z GET /brands from ::1
>>> 2026-09-13T17:54:16.692Z GET /allproducts from ::1
>>> 2026-09-13T17:54:16.694Z GET /user/profile from ::1
>>> 2026-09-13T17:54:16.697Z GET /userfavorites from ::1
>>> 2026-09-13T17:54:16.872Z POST /getcart from ::1
>>> 2026-09-13T17:54:16.939Z GET /brands from ::1
>>> 2026-09-13T17:54:34.794Z GET /allproducts from ::1
>>> 2026-09-13T17:54:34.934Z GET /admin/orders?limit=30 from ::1
>>> 2026-09-13T17:55:04.789Z GET /allproducts from ::1
>>> 2026-09-13T17:55:04.982Z GET /admin/orders?limit=30 from ::1
>>> 2026-09-13T17:55:34.795Z GET /allproducts from ::1
>>> 2026-09-13T17:55:34.973Z GET /admin/orders?limit=30 from ::1
>>> 2026-09-13T17:56:04.788Z GET /allproducts from ::1
>>> 2026-09-13T17:56:04.969Z GET /admin/orders?limit=30 from ::1
>>> 2026-09-13T17:56:19.298Z GET /categories from ::1
>>> 2026-09-13T17:56:19.304Z GET /brands from ::1
>>> 2026-09-13T17:56:19.306Z GET /user/profile from ::1
>>> 2026-09-13T17:56:19.310Z GET /allproducts from ::1
>>> 2026-09-13T17:56:19.315Z GET /userfavorites from ::1
>>> 2026-09-13T17:56:19.518Z POST /getcart from ::1
>>> 2026-09-13T17:56:19.539Z GET /brands from ::1
>>> 2026-09-13T17:56:34.792Z GET /allproducts from ::1
>>> 2026-09-13T17:56:34.991Z GET /admin/orders?limit=30 from ::1
>>> 2026-09-13T17:56:56.282Z GET /allproducts from ::1
>>> 2026-09-13T17:56:56.285Z GET /admin/audit-log?page=1&limit=25 from ::1
>>> 2026-09-13T17:56:56.288Z GET /admin/sessions from ::1
>>> 2026-09-13T17:56:56.295Z GET /admin/audit-log?limit=1 from ::1
>>> 2026-09-13T17:56:56.327Z GET /admin/sessions from ::1
>>> 2026-09-13T17:56:56.338Z GET /admin/audit-log?limit=1 from ::1
>>> 2026-09-13T17:56:56.370Z GET /admin/audit-log?page=1&limit=25 from ::1
>>> 2026-09-13T17:56:56.454Z GET /allproducts from ::1
>>> 2026-09-13T17:56:56.461Z GET /admin/orders?limit=30 from ::1
>>> 2026-09-13T17:56:56.631Z GET /admin/orders?limit=30 from ::1
>>> 2026-09-13T17:56:57.982Z GET /admin/orders?page=1&limit=12 from ::1
>>> 2026-09-13T17:56:58.142Z GET /admin/orders?page=1&limit=12 from ::1
>>> 2026-09-13T17:56:58.380Z GET /admin/orders?page=1&limit=12 from ::1
>>> 2026-09-13T17:57:00.515Z GET /admin/order/ORD-1789322015156 from ::1
>>> 2026-09-13T17:57:08.987Z POST /admin/order/ORD-1789322015156/status from ::1
>>> 2026-09-13T17:57:09.096Z GET /admin/orders?page=1&limit=12 from ::1
>>> 2026-09-13T17:57:09.098Z GET /admin/order/ORD-1789322015156 from ::1
>>> 2026-09-13T17:57:10.766Z GET /admin/order/ORD-1789321604176 from ::1
>>> 2026-09-13T17:57:14.783Z GET /admin/order/ORD-1789321175522 from ::1
>>> 2026-09-13T17:57:17.504Z POST /admin/order/ORD-1789321175522/status from ::1
>>> 2026-09-13T17:57:17.601Z GET /admin/order/ORD-1789321175522 from ::1
>>> 2026-09-13T17:57:17.604Z GET /admin/orders?page=1&limit=12 from ::1
>>> 2026-09-13T17:57:22.665Z GET /allproducts from ::1
>>> 2026-09-13T17:57:22.669Z GET /admin/orders?page=1&limit=12 from ::1
>>> 2026-09-13T17:57:22.828Z GET /allproducts from ::1
>>> 2026-09-13T17:57:22.831Z GET /admin/orders?page=1&limit=12 from ::1
>>> 2026-09-13T17:57:22.836Z GET /admin/orders?limit=30 from ::1
>>> 2026-09-13T17:57:23.024Z GET /admin/orders?limit=30 from ::1
>>> 2026-09-13T17:57:23.066Z GET /admin/orders?page=1&limit=12 from ::1
>>> 2026-09-13T17:57:26.909Z GET /admin/order/ORD-1789322015156 from ::1
>>> 2026-09-13T17:57:52.689Z GET /allproducts from ::1
>>> 2026-09-13T17:57:52.870Z GET /admin/orders?limit=30 from ::1
>>> 2026-09-13T17:58:22.678Z GET /allproducts from ::1
>>> 2026-09-13T17:58:22.847Z GET /admin/orders?limit=30 from ::1
>>> 2026-09-13T17:58:52.677Z GET /allproducts from ::1
>>> 2026-09-13T17:58:52.886Z GET /admin/orders?limit=30 from ::1
>>> 2026-09-13T17:59:22.688Z GET /allproducts from ::1
>>> 2026-09-13T17:59:22.863Z GET /admin/orders?limit=30 from ::1
>>> 2026-09-13T17:59:52.677Z GET /allproducts from ::1
>>> 2026-09-13T17:59:52.852Z GET /admin/orders?limit=30 from ::1
>>> 2026-09-13T18:00:22.785Z GET /allproducts from ::1
>>> 2026-09-13T18:00:22.955Z GET /admin/orders?limit=30 from ::1
>>> 2026-09-13T18:00:52.797Z GET /allproducts from ::1
>>> 2026-09-13T18:00:52.986Z GET /admin/orders?limit=30 from ::1
>>> 2026-09-13T18:01:22.787Z GET /allproducts from ::1
>>> 2026-09-13T18:01:22.948Z GET /admin/orders?limit=30 from ::1
>>> 2026-09-13T18:02:01.786Z GET /categories from ::1
>>> 2026-09-13T18:02:01.788Z GET /brands from ::1
>>> 2026-09-13T18:02:01.790Z GET /user/profile from ::1
>>> 2026-09-13T18:02:01.796Z GET /allproducts from ::1
>>> 2026-09-13T18:02:01.797Z GET /userfavorites from ::1
>>> 2026-09-13T18:02:01.849Z GET /orderhistory?page=1&limit=10&status=all&t=1789322521845 from ::1
[OrderHistory] User: 6aa6d45431981a390487af4f, Status Filter: all
[OrderHistory] Final Query: {"$or":[{"userId":"6aa6d45431981a390487af4f"},{"user":"6aa6d45431981a390487af4f"},{"userId":"6aa6d45431981a390487af4f"},{"user":"6aa6d45431981a390487af4f"}]}
>>> 2026-09-13T18:02:02.113Z POST /getcart from ::1
>>> 2026-09-13T18:02:23.788Z GET /allproducts from ::1
>>> 2026-09-13T18:02:23.938Z GET /admin/orders?limit=30 from ::1
>>> 2026-09-13T18:02:56.192Z GET /user/profile from ::1
>>> 2026-09-13T18:02:56.217Z GET /userfavorites from ::1
>>> 2026-09-13T18:02:56.220Z POST /getcart from ::1
>>> 2026-09-13T18:02:56.365Z GET /allproducts from ::1
>>> 2026-09-13T18:02:56.712Z POST /getcart from ::1
>>> 2026-09-13T18:02:56.744Z GET /user/profile from ::1
>>> 2026-09-13T18:02:56.750Z GET /userfavorites from ::1
>>> 2026-09-13T18:02:56.752Z GET /allproducts from ::1
>>> 2026-09-13T18:02:56.863Z GET /allproducts from ::1
>>> 2026-09-13T18:03:23.794Z GET /allproducts from ::1
>>> 2026-09-13T18:03:23.942Z GET /admin/orders?limit=30 from ::1
>>> 2026-09-13T18:03:26.731Z GET /allproducts from ::1
>>> 2026-09-13T18:03:33.748Z GET /orderhistory?page=1&limit=10&status=all&t=1789322613745 from ::1
[OrderHistory] User: 6aa6d45431981a390487af4f, Status Filter: all
[OrderHistory] Final Query: {"$or":[{"userId":"6aa6d45431981a390487af4f"},{"user":"6aa6d45431981a390487af4f"},{"userId":"6aa6d45431981a390487af4f"},{"user":"6aa6d45431981a390487af4f"}]}
>>> 2026-09-13T18:03:59.744Z GET /allproducts from ::1
>>> 2026-09-13T18:04:04.921Z GET /allproducts from ::1
>>> 2026-09-13T18:04:08.248Z GET /categories from ::1
>>> 2026-09-13T18:04:08.250Z GET /brands from ::1
>>> 2026-09-13T18:04:08.252Z GET /allproducts from ::1
>>> 2026-09-13T18:04:08.253Z GET /userfavorites from ::1
>>> 2026-09-13T18:04:08.254Z GET /user/profile from ::1
>>> 2026-09-13T18:04:08.455Z POST /getcart from ::1
>>> 2026-09-13T18:04:08.574Z GET /orderhistory?page=1&limit=10&status=all&t=1789322648567 from ::1
[OrderHistory] User: 6aa6d45431981a390487af4f, Status Filter: all
[OrderHistory] Final Query: {"$or":[{"userId":"6aa6d45431981a390487af4f"},{"user":"6aa6d45431981a390487af4f"},{"userId":"6aa6d45431981a390487af4f"},{"user":"6aa6d45431981a390487af4f"}]}
>>> 2026-09-13T18:04:23.796Z GET /allproducts from ::1
>>> 2026-09-13T18:04:23.952Z GET /admin/orders?limit=30 from ::1
>>> 2026-09-13T18:04:39.579Z GET /allproducts from ::1
>>> 2026-09-13T18:04:43.818Z POST /order/ORD-TESTREFUND-1/refund from ::1
>>> 2026-09-13T18:04:45.416Z GET /orderhistory?page=1&limit=10&status=all&t=1789322685409 from ::1
[OrderHistory] User: 6aa6d45431981a390487af4f, Status Filter: all
[OrderHistory] Final Query: {"$or":[{"userId":"6aa6d45431981a390487af4f"},{"user":"6aa6d45431981a390487af4f"},{"userId":"6aa6d45431981a390487af4f"},{"user":"6aa6d45431981a390487af4f"}]}
>>> 2026-09-13T18:05:23.826Z GET /allproducts from ::1
>>> 2026-09-13T18:05:23.998Z GET /admin/orders?limit=30 from ::1
>>> 2026-09-13T18:06:23.801Z GET /allproducts from ::1
>>> 2026-09-13T18:06:23.968Z GET /admin/orders?limit=30 from ::1
>>> 2026-09-13T18:06:57.110Z GET / from ::1
>>> 2026-09-13T18:07:19.084Z GET /brands from ::1
>>> 2026-09-13T18:07:19.085Z GET /categories from ::1
>>> 2026-09-13T18:07:19.087Z GET /allproducts from ::1
>>> 2026-09-13T18:07:19.353Z GET /newcollections from ::1
>>> 2026-09-13T18:07:19.357Z GET /featured from ::1
>>> 2026-09-13T18:07:19.361Z GET /categories from ::1
>>> 2026-09-13T18:07:19.371Z GET /brands from ::1
>>> 2026-09-13T18:07:19.384Z GET /user/profile from ::1
>>> 2026-09-13T18:07:19.390Z GET /allproducts from ::1
>>> 2026-09-13T18:07:19.392Z GET /userfavorites from ::1
>>> 2026-09-13T18:07:19.728Z POST /getcart from ::1
>>> 2026-09-13T18:07:20.621Z GET /newcollections from ::1
>>> 2026-09-13T18:07:20.637Z GET /featured from ::1
>>> 2026-09-13T18:07:23.802Z GET /allproducts from ::1
>>> 2026-09-13T18:07:23.939Z GET /admin/orders?limit=30 from ::1
>>> 2026-09-13T18:07:42.559Z GET /categories from ::1
>>> 2026-09-13T18:07:42.562Z GET /brands from ::1
>>> 2026-09-13T18:07:42.566Z GET /allproducts from ::1
>>> 2026-09-13T18:07:42.569Z GET /user/profile from ::1
>>> 2026-09-13T18:07:42.572Z GET /userfavorites from ::1
>>> 2026-09-13T18:07:42.749Z POST /getcart from ::1
>>> 2026-09-13T18:07:42.942Z GET /newcollections from ::1
>>> 2026-09-13T18:07:42.944Z GET /featured from ::1
>>> 2026-09-13T18:08:27.101Z GET /allproducts from ::1
>>> 2026-09-13T18:08:31.394Z GET /admin/orders?limit=30 from ::1
>>> 2026-09-13T18:09:23.819Z GET /allproducts from ::1
>>> 2026-09-13T18:09:23.984Z GET /admin/orders?limit=30 from ::1
>>> 2026-09-13T18:10:23.820Z GET /allproducts from ::1
>>> 2026-09-13T18:10:23.981Z GET /admin/orders?limit=30 from ::1
>>> 2026-09-13T18:11:23.811Z GET /allproducts from ::1
>>> 2026-09-13T18:11:23.974Z GET /admin/orders?limit=30 from ::1
>>> 2026-09-13T18:12:23.791Z GET /allproducts from ::1
>>> 2026-09-13T18:12:23.957Z GET /admin/orders?limit=30 from ::1
>>> 2026-09-13T18:13:23.795Z GET /allproducts from ::1
>>> 2026-09-13T18:13:23.937Z GET /admin/orders?limit=30 from ::1
>>> 2026-09-13T18:14:23.808Z GET /allproducts from ::1
>>> 2026-09-13T18:14:23.965Z GET /admin/orders?limit=30 from ::1
>>> 2026-09-13T18:15:23.820Z GET /allproducts from ::1
>>> 2026-09-13T18:15:24.002Z GET /admin/orders?limit=30 from ::1
>>> 2026-09-13T18:16:23.787Z GET /allproducts from ::1
>>> 2026-09-13T18:16:23.929Z GET /admin/orders?limit=30 from ::1
>>> 2026-09-13T18:17:23.785Z GET /allproducts from ::1
>>> 2026-09-13T18:17:23.937Z GET /admin/orders?limit=30 from ::1
>>> 2026-09-13T18:18:23.795Z GET /allproducts from ::1
>>> 2026-09-13T18:18:23.969Z GET /admin/orders?limit=30 from ::1
>>> 2026-09-13T18:19:23.812Z GET /allproducts from ::1
>>> 2026-09-13T18:19:23.998Z GET /admin/orders?limit=30 from ::1
>>> 2026-09-13T18:20:23.780Z GET /allproducts from ::1
>>> 2026-09-13T18:20:23.950Z GET /admin/orders?limit=30 from ::1
>>> 2026-09-13T18:20:43.338Z GET /categories from ::1
>>> 2026-09-13T18:20:43.347Z GET /brands from ::1
>>> 2026-09-13T18:20:43.352Z GET /user/profile from ::1
>>> 2026-09-13T18:20:43.359Z GET /userfavorites from ::1
>>> 2026-09-13T18:20:43.367Z GET /allproducts from ::1
>>> 2026-09-13T18:20:43.538Z POST /getcart from ::1
>>> 2026-09-13T18:21:11.031Z POST /login from ::1
>>> 2026-09-13T18:21:11.340Z GET /categories from ::1
>>> 2026-09-13T18:21:11.346Z GET /brands from ::1
>>> 2026-09-13T18:21:11.350Z GET /allproducts from ::1
>>> 2026-09-13T18:21:11.353Z GET /user/profile from ::1
>>> 2026-09-13T18:21:11.357Z GET /userfavorites from ::1
>>> 2026-09-13T18:21:11.554Z POST /getcart from ::1
>>> 2026-09-13T18:21:11.707Z GET /newcollections from ::1
>>> 2026-09-13T18:21:11.713Z GET /featured from ::1
>>> 2026-09-13T18:21:17.615Z GET /categories from ::1
>>> 2026-09-13T18:21:17.620Z GET /brands from ::1
>>> 2026-09-13T18:21:17.646Z GET /user/profile from ::1
>>> 2026-09-13T18:21:17.668Z GET /allproducts from ::1
>>> 2026-09-13T18:21:17.670Z GET /userfavorites from ::1
>>> 2026-09-13T18:21:17.850Z GET /orderhistory?page=1&limit=10&status=all&t=1789323677839 from ::1
[OrderHistory] User: 6aa6e974ec037f4ecd7c7588, Status Filter: all
[OrderHistory] Final Query: {"$or":[{"userId":"6aa6e974ec037f4ecd7c7588"},{"user":"6aa6e974ec037f4ecd7c7588"},{"userId":"6aa6e974ec037f4ecd7c7588"},{"user":"6aa6e974ec037f4ecd7c7588"}]}
>>> 2026-09-13T18:21:17.859Z POST /getcart from ::1
>>> 2026-09-13T18:21:23.807Z GET /allproducts from ::1
>>> 2026-09-13T18:21:23.970Z GET /admin/orders?limit=30 from ::1
>>> 2026-09-13T18:21:49.113Z POST /order/ORD-TESTREFUND-2/refund from ::1
>>> 2026-09-13T18:21:50.637Z GET /orderhistory?page=1&limit=10&status=all&t=1789323710603 from ::1
[OrderHistory] User: 6aa6e974ec037f4ecd7c7588, Status Filter: all
[OrderHistory] Final Query: {"$or":[{"userId":"6aa6e974ec037f4ecd7c7588"},{"user":"6aa6e974ec037f4ecd7c7588"},{"userId":"6aa6e974ec037f4ecd7c7588"},{"user":"6aa6e974ec037f4ecd7c7588"}]}
>>> 2026-09-13T18:22:23.802Z GET /allproducts from ::1
>>> 2026-09-13T18:22:23.959Z GET /admin/orders?limit=30 from ::1
>>> 2026-09-13T18:22:47.223Z POST /admin/login from ::1
>>> 2026-09-13T18:22:47.540Z GET /allproducts from ::1
>>> 2026-09-13T18:22:47.544Z GET /admin/stats/overview from ::1
>>> 2026-09-13T18:22:47.549Z GET /saleslog?period=year&year=2026 from ::1
>>> 2026-09-13T18:22:47.552Z GET /allsequences from ::1
>>> 2026-09-13T18:22:47.555Z GET /allproducts?showDeleted=false from ::1
>>> 2026-09-13T18:22:47.648Z GET /admin/stats/overview from ::1
>>> 2026-09-13T18:22:47.706Z GET /allproducts from ::1
>>> 2026-09-13T18:22:47.718Z GET /admin/orders?limit=30 from ::1
>>> 2026-09-13T18:22:47.818Z GET /allsequences from ::1
>>> 2026-09-13T18:22:47.839Z GET /saleslog?period=year&year=2026 from ::1
>>> 2026-09-13T18:22:47.910Z GET /admin/orders?limit=30 from ::1
>>> 2026-09-13T18:22:47.945Z GET /allproducts?showDeleted=false from ::1
>>> 2026-09-13T18:22:48.160Z POST /admin/ai/sales-analysis from ::1
>>> 2026-09-13T18:22:48.215Z POST /admin/ai/sales-analysis from ::1
>>> 2026-09-13T18:22:48.225Z POST /admin/ai/sales-analysis from ::1
>>> 2026-09-13T18:23:06.614Z GET /admin/orders?page=1&limit=12 from ::1
>>> 2026-09-13T18:23:06.761Z GET /admin/orders?page=1&limit=12 from ::1
>>> 2026-09-13T18:23:07.013Z GET /admin/orders?page=1&limit=12 from ::1
>>> 2026-09-13T18:23:17.535Z GET /allproducts from ::1
>>> 2026-09-13T18:23:17.724Z GET /admin/orders?limit=30 from ::1
>>> 2026-09-13T18:23:20.823Z GET /admin/refunds?page=1&limit=12 from ::1
>>> 2026-09-13T18:23:20.910Z GET /admin/refunds?page=1&limit=12 from ::1
>>> 2026-09-13T18:23:23.838Z GET /allproducts from ::1
>>> 2026-09-13T18:23:23.998Z GET /admin/orders?limit=30 from ::1
>>> 2026-09-13T18:23:47.555Z GET /allproducts from ::1
>>> 2026-09-13T18:23:47.738Z GET /admin/orders?limit=30 from ::1
>>> 2026-09-13T18:24:17.536Z GET /allproducts from ::1
>>> 2026-09-13T18:24:17.692Z GET /admin/orders?limit=30 from ::1
>>> 2026-09-13T18:24:23.819Z GET /allproducts from ::1
>>> 2026-09-13T18:24:23.982Z GET /admin/orders?limit=30 from ::1
>>> 2026-09-13T18:24:47.528Z GET /allproducts from ::1
>>> 2026-09-13T18:24:47.715Z GET /admin/orders?limit=30 from ::1
>>> 2026-09-13T18:25:17.536Z GET /allproducts from ::1
>>> 2026-09-13T18:25:17.690Z GET /admin/orders?limit=30 from ::1
>>> 2026-09-13T18:25:23.797Z GET /allproducts from ::1
>>> 2026-09-13T18:25:23.960Z GET /admin/orders?limit=30 from ::1
>>> 2026-09-13T18:25:47.539Z GET /allproducts from ::1
>>> 2026-09-13T18:25:47.701Z GET /admin/orders?limit=30 from ::1
>>> 2026-09-13T18:26:17.532Z GET /allproducts from ::1
>>> 2026-09-13T18:26:17.687Z GET /admin/orders?limit=30 from ::1
>>> 2026-09-13T18:26:23.794Z GET /allproducts from ::1
>>> 2026-09-13T18:26:23.956Z GET /admin/orders?limit=30 from ::1
>>> 2026-09-13T18:26:47.534Z GET /allproducts from ::1
>>> 2026-09-13T18:26:47.694Z GET /admin/orders?limit=30 from ::1
>>> 2026-09-13T18:27:17.532Z GET /allproducts from ::1
>>> 2026-09-13T18:27:17.689Z GET /admin/orders?limit=30 from ::1
>>> 2026-09-13T18:27:23.797Z GET /allproducts from ::1
>>> 2026-09-13T18:27:23.965Z GET /admin/orders?limit=30 from ::1
>>> 2026-09-13T18:27:47.527Z GET /allproducts from ::1
>>> 2026-09-13T18:27:47.681Z GET /admin/orders?limit=30 from ::1
>>> 2026-09-13T18:27:57.151Z GET / from ::1
>>> 2026-09-13T18:28:17.539Z GET /allproducts from ::1
>>> 2026-09-13T18:28:17.726Z GET /admin/orders?limit=30 from ::1
>>> 2026-09-13T18:28:23.794Z GET /allproducts from ::1
>>> 2026-09-13T18:28:23.959Z GET /admin/orders?limit=30 from ::1
>>> 2026-09-13T18:28:47.640Z GET /allproducts from ::1
>>> 2026-09-13T18:28:48.012Z GET /admin/orders?limit=30 from ::1
>>> 2026-09-13T18:29:17.534Z GET /allproducts from ::1
>>> 2026-09-13T18:29:17.698Z GET /admin/orders?limit=30 from ::1
>>> 2026-09-13T18:29:23.783Z GET /allproducts from ::1
>>> 2026-09-13T18:29:23.986Z GET /admin/orders?limit=30 from ::1
>>> 2026-09-13T18:29:47.532Z GET /allproducts from ::1
>>> 2026-09-13T18:29:47.693Z GET /admin/orders?limit=30 from ::1
>>> 2026-09-13T18:30:17.552Z GET /allproducts from ::1
>>> 2026-09-13T18:30:17.719Z GET /admin/orders?limit=30 from ::1
>>> 2026-09-13T18:30:23.804Z GET /allproducts from ::1
>>> 2026-09-13T18:30:23.992Z GET /admin/orders?limit=30 from ::1
>>> 2026-09-13T18:30:47.542Z GET /allproducts from ::1
>>> 2026-09-13T18:30:47.715Z GET /admin/orders?limit=30 from ::1
>>> 2026-09-13T18:31:17.542Z GET /allproducts from ::1
>>> 2026-09-13T18:31:17.701Z GET /admin/orders?limit=30 from ::1
>>> 2026-09-13T18:31:23.823Z GET /allproducts from ::1
>>> 2026-09-13T18:31:24.051Z GET /admin/orders?limit=30 from ::1
>>> 2026-09-13T18:31:47.538Z GET /allproducts from ::1
>>> 2026-09-13T18:31:47.692Z GET /admin/orders?limit=30 from ::1
>>> 2026-09-13T18:32:17.534Z GET /allproducts from ::1
>>> 2026-09-13T18:32:17.689Z GET /admin/orders?limit=30 from ::1
>>> 2026-09-13T18:32:23.797Z GET /allproducts from ::1
>>> 2026-09-13T18:32:23.970Z GET /admin/orders?limit=30 from ::1
>>> 2026-09-13T18:32:47.536Z GET /allproducts from ::1
>>> 2026-09-13T18:32:47.698Z GET /admin/orders?limit=30 from ::1
>>> 2026-09-13T18:33:17.536Z GET /allproducts from ::1
>>> 2026-09-13T18:33:17.690Z GET /admin/orders?limit=30 from ::1
>>> 2026-09-13T18:33:23.794Z GET /allproducts from ::1
>>> 2026-09-13T18:33:23.953Z GET /admin/orders?limit=30 from ::1
>>> 2026-09-13T18:33:47.540Z GET /allproducts from ::1
>>> 2026-09-13T18:33:47.702Z GET /admin/orders?limit=30 from ::1
>>> 2026-09-13T18:34:17.549Z GET /allproducts from ::1
>>> 2026-09-13T18:34:17.739Z GET /admin/orders?limit=30 from ::1
>>> 2026-09-13T18:34:23.796Z GET /allproducts from ::1
>>> 2026-09-13T18:34:23.982Z GET /admin/orders?limit=30 from ::1
>>> 2026-09-13T18:34:47.548Z GET /allproducts from ::1
>>> 2026-09-13T18:34:47.738Z GET /admin/orders?limit=30 from ::1
>>> 2026-09-13T18:35:17.535Z GET /allproducts from ::1
>>> 2026-09-13T18:35:17.724Z GET /admin/orders?limit=30 from ::1
>>> 2026-09-13T18:35:23.795Z GET /allproducts from ::1
>>> 2026-09-13T18:35:23.962Z GET /admin/orders?limit=30 from ::1
>>> 2026-09-13T18:35:47.530Z GET /allproducts from ::1
>>> 2026-09-13T18:35:47.683Z GET /admin/orders?limit=30 from ::1
>>> 2026-09-13T18:36:17.538Z GET /allproducts from ::1
>>> 2026-09-13T18:36:17.721Z GET /admin/orders?limit=30 from ::1
>>> 2026-09-13T18:36:23.801Z GET /allproducts from ::1
>>> 2026-09-13T18:36:23.987Z GET /admin/orders?limit=30 from ::1
>>> 2026-09-13T18:36:46.491Z GET /allproducts from ::1
>>> 2026-09-13T18:36:46.681Z GET /admin/orders?limit=30 from ::1
>>> 2026-09-13T18:37:16.496Z GET /allproducts from ::1
>>> 2026-09-13T18:37:16.649Z GET /admin/orders?limit=30 from ::1
>>> 2026-09-13T18:37:22.763Z GET /allproducts from ::1
>>> 2026-09-13T18:37:22.955Z GET /admin/orders?limit=30 from ::1
>>> 2026-09-13T18:37:46.494Z GET /allproducts from ::1
>>> 2026-09-13T18:37:46.644Z GET /admin/orders?limit=30 from ::1
>>> 2026-09-13T18:38:16.520Z GET /allproducts from ::1
>>> 2026-09-13T18:38:16.703Z GET /admin/orders?limit=30 from ::1
>>> 2026-09-13T18:38:22.751Z GET /allproducts from ::1
>>> 2026-09-13T18:38:22.919Z GET /admin/orders?limit=30 from ::1
>>> 2026-09-13T18:38:46.499Z GET /allproducts from ::1
>>> 2026-09-13T18:38:46.659Z GET /admin/orders?limit=30 from ::1
>>> 2026-09-13T18:39:16.496Z GET /allproducts from ::1
>>> 2026-09-13T18:39:16.654Z GET /admin/orders?limit=30 from ::1
>>> 2026-09-13T18:39:22.746Z GET /allproducts from ::1
>>> 2026-09-13T18:39:22.919Z GET /admin/orders?limit=30 from ::1
>>> 2026-09-13T18:39:46.497Z GET /allproducts from ::1
>>> 2026-09-13T18:39:46.649Z GET /admin/orders?limit=30 from ::1
>>> 2026-09-13T18:40:16.490Z GET /allproducts from ::1
>>> 2026-09-13T18:40:16.643Z GET /admin/orders?limit=30 from ::1
>>> 2026-09-13T18:40:22.753Z GET /allproducts from ::1
>>> 2026-09-13T18:40:22.905Z GET /admin/orders?limit=30 from ::1
>>> 2026-09-13T18:40:46.504Z GET /allproducts from ::1
>>> 2026-09-13T18:40:46.664Z GET /admin/orders?limit=30 from ::1
>>> 2026-09-13T18:41:16.496Z GET /allproducts from ::1
>>> 2026-09-13T18:41:16.651Z GET /admin/orders?limit=30 from ::1
>>> 2026-09-13T18:41:22.758Z GET /allproducts from ::1
>>> 2026-09-13T18:41:22.933Z GET /admin/orders?limit=30 from ::1
>>> 2026-09-13T18:41:46.498Z GET /allproducts from ::1
>>> 2026-09-13T18:41:46.691Z GET /admin/orders?limit=30 from ::1
>>> 2026-09-13T18:42:16.500Z GET /allproducts from ::1
>>> 2026-09-13T18:42:16.684Z GET /admin/orders?limit=30 from ::1
>>> 2026-09-13T18:42:22.773Z GET /allproducts from ::1
>>> 2026-09-13T18:42:22.940Z GET /admin/orders?limit=30 from ::1
>>> 2026-09-13T18:42:46.504Z GET /allproducts from ::1
>>> 2026-09-13T18:42:46.674Z GET /admin/orders?limit=30 from ::1
>>> 2026-09-13T18:43:02.825Z GET /categories from ::1
>>> 2026-09-13T18:43:02.828Z GET /brands from ::1
>>> 2026-09-13T18:43:02.832Z GET /allproducts from ::1
>>> 2026-09-13T18:43:02.834Z GET /user/profile from ::1
>>> 2026-09-13T18:43:02.838Z GET /userfavorites from ::1
>>> 2026-09-13T18:43:02.993Z POST /getcart from ::1
>>> 2026-09-13T18:43:03.113Z GET /brands from ::1
>>> 2026-09-13T18:43:05.904Z GET /user/profile from ::1
>>> 2026-09-13T18:43:05.907Z GET /orderhistory?page=1&limit=10&status=all&t=1789324985903 from ::1
[OrderHistory] User: 6a24564570942048bfcc7092, Status Filter: all
[OrderHistory] Final Query: {"$or":[{"userId":"6a24564570942048bfcc7092"},{"user":"6a24564570942048bfcc7092"},{"userId":"6a24564570942048bfcc7092"},{"user":"6a24564570942048bfcc7092"}]}
>>> 2026-09-13T18:43:16.509Z GET /allproducts from ::1
>>> 2026-09-13T18:43:16.692Z GET /admin/orders?limit=30 from ::1
>>> 2026-09-13T18:43:19.573Z POST /order/ORD-1789322015156/refund from ::1
>>> 2026-09-13T18:43:21.857Z GET /orderhistory?page=1&limit=10&status=all&t=1789325001849 from ::1
[OrderHistory] User: 6a24564570942048bfcc7092, Status Filter: all
[OrderHistory] Final Query: {"$or":[{"userId":"6a24564570942048bfcc7092"},{"user":"6a24564570942048bfcc7092"},{"userId":"6a24564570942048bfcc7092"},{"user":"6a24564570942048bfcc7092"}]}
>>> 2026-09-13T18:43:22.761Z GET /allproducts from ::1
>>> 2026-09-13T18:43:22.925Z GET /admin/orders?limit=30 from ::1
>>> 2026-09-13T18:43:27.332Z GET /allproducts from ::1
>>> 2026-09-13T18:43:27.336Z GET /admin/orders?page=1&limit=12 from ::1
>>> 2026-09-13T18:43:27.496Z GET /allproducts from ::1
>>> 2026-09-13T18:43:27.499Z GET /admin/orders?page=1&limit=12 from ::1
>>> 2026-09-13T18:43:27.505Z GET /admin/orders?limit=30 from ::1
>>> 2026-09-13T18:43:27.694Z GET /admin/orders?limit=30 from ::1
>>> 2026-09-13T18:43:27.736Z GET /admin/orders?page=1&limit=12 from ::1
>>> 2026-09-13T18:43:28.390Z GET /admin/refunds?page=1&limit=12 from ::1
>>> 2026-09-13T18:43:28.470Z GET /admin/refunds?page=1&limit=12 from ::1
>>> 2026-09-13T18:43:30.648Z GET /admin/refund/6aa6e31f6885b37252374326 from ::1
>>> 2026-09-13T18:43:46.511Z GET /allproducts from ::1
>>> 2026-09-13T18:43:46.701Z GET /admin/orders?limit=30 from ::1
>>> 2026-09-13T18:43:57.762Z GET /allproducts from ::1
>>> 2026-09-13T18:43:57.956Z GET /admin/orders?limit=30 from ::1
>>> 2026-09-13T18:44:16.509Z GET /allproducts from ::1
>>> 2026-09-13T18:44:16.674Z GET /admin/orders?limit=30 from ::1
>>> 2026-09-13T18:44:27.759Z GET /allproducts from ::1
>>> 2026-09-13T18:44:27.917Z GET /admin/orders?limit=30 from ::1
>>> 2026-09-13T18:44:46.508Z GET /allproducts from ::1
>>> 2026-09-13T18:44:46.667Z GET /admin/orders?limit=30 from ::1
>>> 2026-09-13T18:44:57.769Z GET /allproducts from ::1
>>> 2026-09-13T18:44:57.928Z GET /admin/orders?limit=30 from ::1
>>> 2026-09-13T18:45:16.506Z GET /allproducts from ::1
>>> 2026-09-13T18:45:16.668Z GET /admin/orders?limit=30 from ::1
>>> 2026-09-13T18:45:27.745Z GET /allproducts from ::1
>>> 2026-09-13T18:45:27.934Z GET /admin/orders?limit=30 from ::1
>>> 2026-09-13T18:45:46.500Z GET /allproducts from ::1
>>> 2026-09-13T18:45:46.657Z GET /admin/orders?limit=30 from ::1
>>> 2026-09-13T18:45:57.751Z GET /allproducts from ::1
>>> 2026-09-13T18:45:57.947Z GET /admin/orders?limit=30 from ::1
>>> 2026-09-13T18:46:16.500Z GET /allproducts from ::1
>>> 2026-09-13T18:46:16.678Z GET /admin/orders?limit=30 from ::1
>>> 2026-09-13T18:46:27.757Z GET /allproducts from ::1
>>> 2026-09-13T18:46:27.926Z GET /admin/orders?limit=30 from ::1
>>> 2026-09-13T18:46:46.497Z GET /allproducts from ::1
>>> 2026-09-13T18:46:46.662Z GET /admin/orders?limit=30 from ::1
>>> 2026-09-13T18:46:57.756Z GET /allproducts from ::1
>>> 2026-09-13T18:46:57.958Z GET /admin/orders?limit=30 from ::1
>>> 2026-09-13T18:47:16.499Z GET /allproducts from ::1
>>> 2026-09-13T18:47:16.675Z GET /admin/orders?limit=30 from ::1
>>> 2026-09-13T18:47:46.494Z GET /allproducts from ::1
>>> 2026-09-13T18:47:46.679Z GET /admin/orders?limit=30 from ::1
>>> 2026-09-13T18:47:58.759Z GET /allproducts from ::1
>>> 2026-09-13T18:47:58.904Z GET /admin/orders?limit=30 from ::1
>>> 2026-09-13T18:48:16.499Z GET /allproducts from ::1
>>> 2026-09-13T18:48:16.651Z GET /admin/orders?limit=30 from ::1
>>> 2026-09-13T18:48:46.501Z GET /allproducts from ::1
>>> 2026-09-13T18:48:46.646Z GET /admin/orders?limit=30 from ::1
>>> 2026-09-13T18:48:59.757Z GET /allproducts from ::1
>>> 2026-09-13T18:48:59.912Z GET /admin/orders?limit=30 from ::1
>>> 2026-09-13T18:49:16.490Z GET /allproducts from ::1
>>> 2026-09-13T18:49:16.627Z GET /admin/orders?limit=30 from ::1
>>> 2026-09-13T18:49:46.495Z GET /allproducts from ::1
>>> 2026-09-13T18:49:46.657Z GET /admin/orders?limit=30 from ::1
>>> 2026-09-13T18:50:00.755Z GET /allproducts from ::1
>>> 2026-09-13T18:50:00.898Z GET /admin/orders?limit=30 from ::1
>>> 2026-09-13T18:50:16.498Z GET /allproducts from ::1
>>> 2026-09-13T18:50:16.704Z GET /admin/orders?limit=30 from ::1
>>> 2026-09-13T18:50:46.503Z GET /allproducts from ::1
>>> 2026-09-13T18:50:46.651Z GET /admin/orders?limit=30 from ::1
>>> 2026-09-13T18:51:01.755Z GET /allproducts from ::1
>>> 2026-09-13T18:51:01.903Z GET /admin/orders?limit=30 from ::1
>>> 2026-09-13T18:51:16.501Z GET /allproducts from ::1
>>> 2026-09-13T18:51:16.673Z GET /admin/orders?limit=30 from ::1
>>> 2026-09-13T18:51:46.501Z GET /allproducts from ::1
>>> 2026-09-13T18:51:46.686Z GET /admin/orders?limit=30 from ::1
>>> 2026-09-13T18:52:02.762Z GET /allproducts from ::1
>>> 2026-09-13T18:52:02.916Z GET /admin/orders?limit=30 from ::1
>>> 2026-09-13T18:52:16.489Z GET /allproducts from ::1
>>> 2026-09-13T18:52:16.625Z GET /admin/orders?limit=30 from ::1
>>> 2026-09-13T18:52:46.507Z GET /allproducts from ::1
>>> 2026-09-13T18:52:46.665Z GET /admin/orders?limit=30 from ::1
>>> 2026-09-13T18:53:03.784Z GET /allproducts from ::1
>>> 2026-09-13T18:53:03.971Z GET /admin/orders?limit=30 from ::1
>>> 2026-09-13T18:53:16.520Z GET /allproducts from ::1
>>> 2026-09-13T18:53:16.743Z GET /admin/orders?limit=30 from ::1
>>> 2026-09-13T18:53:46.522Z GET /allproducts from ::1
>>> 2026-09-13T18:53:46.733Z GET /admin/orders?limit=30 from ::1
>>> 2026-09-13T18:54:04.768Z GET /allproducts from ::1
>>> 2026-09-13T18:54:04.930Z GET /admin/orders?limit=30 from ::1
>>> 2026-09-13T18:54:16.527Z GET /allproducts from ::1
>>> 2026-09-13T18:54:16.734Z GET /admin/orders?limit=30 from ::1
>>> 2026-09-13T18:54:46.505Z GET /allproducts from ::1
>>> 2026-09-13T18:54:46.669Z GET /admin/orders?limit=30 from ::1
>>> 2026-09-13T18:55:05.760Z GET /allproducts from ::1
>>> 2026-09-13T18:55:05.943Z GET /admin/orders?limit=30 from ::1
>>> 2026-09-13T18:55:16.498Z GET /allproducts from ::1
>>> 2026-09-13T18:55:16.669Z GET /admin/orders?limit=30 from ::1
>>> 2026-09-13T18:55:46.503Z GET /allproducts from ::1
>>> 2026-09-13T18:55:46.698Z GET /admin/orders?limit=30 from ::1
>>> 2026-09-13T18:56:06.765Z GET /allproducts from ::1
>>> 2026-09-13T18:56:06.961Z GET /admin/orders?limit=30 from ::1
>>> 2026-09-13T18:56:16.511Z GET /allproducts from ::1
>>> 2026-09-13T18:56:16.706Z GET /admin/orders?limit=30 from ::1
>>> 2026-09-13T18:56:46.504Z GET /allproducts from ::1
>>> 2026-09-13T18:56:46.714Z GET /admin/orders?limit=30 from ::1
>>> 2026-09-13T18:57:07.753Z GET /allproducts from ::1
>>> 2026-09-13T18:57:08.030Z GET /admin/orders?limit=30 from ::1
>>> 2026-09-13T18:57:16.494Z GET /allproducts from ::1
>>> 2026-09-13T18:57:16.661Z GET /admin/orders?limit=30 from ::1
>>> 2026-09-13T18:57:46.499Z GET /allproducts from ::1
>>> 2026-09-13T18:57:46.640Z GET /admin/orders?limit=30 from ::1
>>> 2026-09-13T18:58:08.760Z GET /allproducts from ::1
>>> 2026-09-13T18:58:08.963Z GET /admin/orders?limit=30 from ::1
>>> 2026-09-13T18:58:16.497Z GET /allproducts from ::1
>>> 2026-09-13T18:58:16.637Z GET /admin/orders?limit=30 from ::1
>>> 2026-09-13T18:58:46.502Z GET /allproducts from ::1
>>> 2026-09-13T18:58:46.636Z GET /admin/orders?limit=30 from ::1
>>> 2026-09-13T18:59:09.758Z GET /allproducts from ::1
>>> 2026-09-13T18:59:09.914Z GET /admin/orders?limit=30 from ::1
>>> 2026-09-13T18:59:16.493Z GET /allproducts from ::1
>>> 2026-09-13T18:59:16.630Z GET /admin/orders?limit=30 from ::1
>>> 2026-09-13T18:59:46.491Z GET /allproducts from ::1
>>> 2026-09-13T18:59:46.638Z GET /admin/orders?limit=30 from ::1
>>> 2026-09-13T19:00:10.744Z GET /allproducts from ::1
>>> 2026-09-13T19:00:10.970Z GET /admin/orders?limit=30 from ::1
>>> 2026-09-13T19:00:16.496Z GET /allproducts from ::1
>>> 2026-09-13T19:00:16.634Z GET /admin/orders?limit=30 from ::1
>>> 2026-09-13T19:00:46.499Z GET /allproducts from ::1
>>> 2026-09-13T19:00:46.639Z GET /admin/orders?limit=30 from ::1
>>> 2026-09-13T19:01:11.759Z GET /allproducts from ::1
>>> 2026-09-13T19:01:11.907Z GET /admin/orders?limit=30 from ::1
>>> 2026-09-13T19:01:16.494Z GET /allproducts from ::1
>>> 2026-09-13T19:01:16.633Z GET /admin/orders?limit=30 from ::1
>>> 2026-09-13T19:01:46.490Z GET /allproducts from ::1
>>> 2026-09-13T19:01:46.630Z GET /admin/orders?limit=30 from ::1
>>> 2026-09-13T19:02:12.751Z GET /allproducts from ::1
>>> 2026-09-13T19:02:12.902Z GET /admin/orders?limit=30 from ::1
>>> 2026-09-13T19:02:16.491Z GET /allproducts from ::1
>>> 2026-09-13T19:02:16.628Z GET /admin/orders?limit=30 from ::1
>>> 2026-09-13T19:02:46.495Z GET /allproducts from ::1
>>> 2026-09-13T19:02:46.658Z GET /admin/orders?limit=30 from ::1
>>> 2026-09-13T19:03:13.759Z GET /allproducts from ::1
>>> 2026-09-13T19:03:13.964Z GET /admin/orders?limit=30 from ::1
>>> 2026-09-13T19:03:16.494Z GET /allproducts from ::1
>>> 2026-09-13T19:03:16.657Z GET /admin/orders?limit=30 from ::1
>>> 2026-09-13T19:03:46.504Z GET /allproducts from ::1
>>> 2026-09-13T19:03:46.682Z GET /admin/orders?limit=30 from ::1
>>> 2026-09-13T19:04:14.756Z GET /allproducts from ::1
>>> 2026-09-13T19:04:14.924Z GET /admin/orders?limit=30 from ::1
>>> 2026-09-13T19:04:16.497Z GET /allproducts from ::1
>>> 2026-09-13T19:04:16.667Z GET /admin/orders?limit=30 from ::1
>>> 2026-09-13T19:04:46.493Z GET /allproducts from ::1
>>> 2026-09-13T19:04:46.666Z GET /admin/orders?limit=30 from ::1
>>> 2026-09-13T19:05:15.768Z GET /allproducts from ::1
>>> 2026-09-13T19:05:15.961Z GET /admin/orders?limit=30 from ::1
>>> 2026-09-13T19:05:16.505Z GET /allproducts from ::1
>>> 2026-09-13T19:05:16.633Z GET /admin/orders?limit=30 from ::1
>>> 2026-09-13T19:05:46.499Z GET /allproducts from ::1
>>> 2026-09-13T19:05:46.681Z GET /admin/orders?limit=30 from ::1
>>> 2026-09-13T19:06:16.517Z GET /allproducts from ::1
>>> 2026-09-13T19:06:16.750Z GET /allproducts from ::1
>>> 2026-09-13T19:06:16.836Z GET /admin/orders?limit=30 from ::1
>>> 2026-09-13T19:06:17.064Z GET /admin/orders?limit=30 from ::1
>>> 2026-09-13T19:06:46.492Z GET /allproducts from ::1
>>> 2026-09-13T19:06:46.782Z GET /admin/orders?limit=30 from ::1
>>> 2026-09-13T19:07:16.499Z GET /allproducts from ::1
>>> 2026-09-13T19:07:16.660Z GET /admin/orders?limit=30 from ::1
>>> 2026-09-13T19:07:17.828Z GET /allproducts from ::1
>>> 2026-09-13T19:07:18.097Z GET /admin/orders?limit=30 from ::1
>>> 2026-09-13T19:07:46.493Z GET /allproducts from ::1
>>> 2026-09-13T19:07:46.663Z GET /admin/orders?limit=30 from ::1
>>> 2026-09-13T19:08:16.504Z GET /allproducts from ::1
>>> 2026-09-13T19:08:16.665Z GET /admin/orders?limit=30 from ::1
>>> 2026-09-13T19:08:18.748Z GET /allproducts from ::1
>>> 2026-09-13T19:08:18.920Z GET /admin/orders?limit=30 from ::1
>>> 2026-09-13T19:08:46.500Z GET /allproducts from ::1
>>> 2026-09-13T19:08:46.675Z GET /admin/orders?limit=30 from ::1
>>> 2026-09-13T19:09:16.504Z GET /allproducts from ::1
>>> 2026-09-13T19:09:16.671Z GET /admin/orders?limit=30 from ::1
>>> 2026-09-13T19:09:19.762Z GET /allproducts from ::1
>>> 2026-09-13T19:09:19.927Z GET /admin/orders?limit=30 from ::1
>>> 2026-09-13T19:09:46.496Z GET /allproducts from ::1
>>> 2026-09-13T19:09:46.647Z GET /admin/orders?limit=30 from ::1
>>> 2026-09-13T19:10:16.495Z GET /allproducts from ::1
>>> 2026-09-13T19:10:16.667Z GET /admin/orders?limit=30 from ::1
>>> 2026-09-13T19:10:20.765Z GET /allproducts from ::1
>>> 2026-09-13T19:10:20.954Z GET /admin/orders?limit=30 from ::1
>>> 2026-09-13T19:10:46.513Z GET /allproducts from ::1
>>> 2026-09-13T19:10:46.687Z GET /admin/orders?limit=30 from ::1
>>> 2026-09-13T19:11:16.502Z GET /allproducts from ::1
>>> 2026-09-13T19:11:16.678Z GET /admin/orders?limit=30 from ::1
>>> 2026-09-13T19:11:21.750Z GET /allproducts from ::1
>>> 2026-09-13T19:11:21.918Z GET /admin/orders?limit=30 from ::1
>>> 2026-09-13T19:11:46.499Z GET /allproducts from ::1
>>> 2026-09-13T19:11:46.651Z GET /admin/orders?limit=30 from ::1
>>> 2026-09-13T19:12:16.499Z GET /allproducts from ::1
>>> 2026-09-13T19:12:16.746Z GET /admin/orders?limit=30 from ::1
>>> 2026-09-13T19:12:22.763Z GET /allproducts from ::1
>>> 2026-09-13T19:12:22.922Z GET /admin/orders?limit=30 from ::1
>>> 2026-09-13T19:12:46.501Z GET /allproducts from ::1
>>> 2026-09-13T19:12:46.647Z GET /admin/orders?limit=30 from ::1
>>> 2026-09-13T19:13:16.492Z GET /allproducts from ::1
>>> 2026-09-13T19:13:16.626Z GET /admin/orders?limit=30 from ::1
>>> 2026-09-13T19:13:22.757Z GET /allproducts from ::1
>>> 2026-09-13T19:13:22.902Z GET /admin/orders?limit=30 from ::1
>>> 2026-09-13T19:13:46.507Z GET /allproducts from ::1
>>> 2026-09-13T19:13:46.668Z GET /admin/orders?limit=30 from ::1
>>> 2026-09-13T19:14:16.497Z GET /allproducts from ::1
>>> 2026-09-13T19:14:16.635Z GET /admin/orders?limit=30 from ::1
>>> 2026-09-13T19:14:22.781Z GET /allproducts from ::1
>>> 2026-09-13T19:14:22.946Z GET /admin/orders?limit=30 from ::1
>>> 2026-09-13T19:14:46.515Z GET /allproducts from ::1
>>> 2026-09-13T19:14:46.660Z GET /admin/orders?limit=30 from ::1
>>> 2026-09-13T19:15:16.493Z GET /allproducts from ::1
>>> 2026-09-13T19:15:17.017Z GET /admin/orders?limit=30 from ::1
>>> 2026-09-13T19:15:22.767Z GET /allproducts from ::1
>>> 2026-09-13T19:15:22.960Z GET /admin/orders?limit=30 from ::1
>>> 2026-09-13T19:15:46.494Z GET /allproducts from ::1
>>> 2026-09-13T19:15:46.673Z GET /admin/orders?limit=30 from ::1
>>> 2026-09-13T19:16:16.489Z GET /allproducts from ::1
>>> 2026-09-13T19:16:16.691Z GET /admin/orders?limit=30 from ::1
>>> 2026-09-13T19:16:22.771Z GET /allproducts from ::1
>>> 2026-09-13T19:16:22.979Z GET /admin/orders?limit=30 from ::1
>>> 2026-09-13T19:16:46.501Z GET /allproducts from ::1
>>> 2026-09-13T19:16:46.687Z GET /admin/orders?limit=30 from ::1
>>> 2026-09-13T19:17:16.489Z GET /allproducts from ::1
>>> 2026-09-13T19:17:16.672Z GET /admin/orders?limit=30 from ::1
>>> 2026-09-13T19:17:22.764Z GET /allproducts from ::1
>>> 2026-09-13T19:17:22.939Z GET /admin/orders?limit=30 from ::1
>>> 2026-09-13T19:17:46.508Z GET /allproducts from ::1
>>> 2026-09-13T19:17:46.759Z GET /admin/orders?limit=30 from ::1
>>> 2026-09-13T19:18:16.502Z GET /allproducts from ::1
>>> 2026-09-13T19:18:16.687Z GET /admin/orders?limit=30 from ::1
>>> 2026-09-13T19:18:22.759Z GET /allproducts from ::1
>>> 2026-09-13T19:18:22.922Z GET /admin/orders?limit=30 from ::1
>>> 2026-09-13T19:18:46.493Z GET /allproducts from ::1
>>> 2026-09-13T19:18:46.656Z GET /admin/orders?limit=30 from ::1
>>> 2026-09-13T19:19:16.508Z GET /allproducts from ::1
>>> 2026-09-13T19:19:16.694Z GET /admin/orders?limit=30 from ::1
>>> 2026-09-13T19:19:22.808Z GET /allproducts from ::1
>>> 2026-09-13T19:19:22.985Z GET /admin/orders?limit=30 from ::1
>>> 2026-09-13T19:19:46.504Z GET /allproducts from ::1
>>> 2026-09-13T19:19:46.683Z GET /admin/orders?limit=30 from ::1
>>> 2026-09-13T19:20:16.525Z GET /allproducts from ::1
>>> 2026-09-13T19:20:16.853Z GET /admin/orders?limit=30 from ::1
>>> 2026-09-13T19:20:22.765Z GET /allproducts from ::1
>>> 2026-09-13T19:20:23.097Z GET /admin/orders?limit=30 from ::1
>>> 2026-09-13T19:20:46.504Z GET /allproducts from ::1
>>> 2026-09-13T19:20:46.856Z GET /admin/orders?limit=30 from ::1
>>> 2026-09-13T19:21:22.765Z GET /allproducts from ::1
>>> 2026-09-13T19:21:22.955Z GET /admin/orders?limit=30 from ::1
>>> 2026-09-13T19:22:22.780Z GET /allproducts from ::1
>>> 2026-09-13T19:22:22.943Z GET /admin/orders?limit=30 from ::1
>>> 2026-09-13T19:23:22.796Z GET /allproducts from ::1
>>> 2026-09-13T19:23:22.957Z GET /admin/orders?limit=30 from ::1
>>> 2026-09-13T19:24:22.765Z GET /allproducts from ::1
>>> 2026-09-13T19:24:22.944Z GET /admin/orders?limit=30 from ::1
>>> 2026-09-13T19:25:22.775Z GET /allproducts from ::1
>>> 2026-09-13T19:25:22.930Z GET /admin/orders?limit=30 from ::1
>>> 2026-09-13T19:26:22.744Z GET /allproducts from ::1
>>> 2026-09-13T19:26:22.889Z GET /admin/orders?limit=30 from ::1
>>> 2026-09-13T19:27:22.760Z GET /allproducts from ::1
>>> 2026-09-13T19:27:22.934Z GET /admin/orders?limit=30 from ::1
>>> 2026-09-13T19:28:22.758Z GET /allproducts from ::1
>>> 2026-09-13T19:28:22.965Z GET /admin/orders?limit=30 from ::1
>>> 2026-09-13T19:29:22.905Z GET /allproducts from ::1
>>> 2026-09-13T19:29:23.067Z GET /admin/orders?limit=30 from ::1
>>> 2026-09-13T19:30:22.762Z GET /allproducts from ::1
>>> 2026-09-13T19:30:22.933Z GET /admin/orders?limit=30 from ::1
[autoCancelExpiredReserved] 1 order(s) auto-cancelled — 15-min payment window expired.
>>> 2026-09-13T19:31:22.762Z GET /allproducts from ::1
>>> 2026-09-13T19:31:22.946Z GET /admin/orders?limit=30 from ::1
>>> 2026-09-13T19:32:22.760Z GET /allproducts from ::1
>>> 2026-09-13T19:32:22.910Z GET /admin/orders?limit=30 from ::1
>>> 2026-09-13T19:33:22.767Z GET /allproducts from ::1
>>> 2026-09-13T19:33:22.935Z GET /admin/orders?limit=30 from ::1
>>> 2026-09-13T19:34:22.744Z GET /allproducts from ::1
>>> 2026-09-13T19:34:22.906Z GET /admin/orders?limit=30 from ::1
>>> 2026-09-13T19:35:22.753Z GET /allproducts from ::1
>>> 2026-09-13T19:35:23.126Z GET /admin/orders?limit=30 from ::1
>>> 2026-09-13T19:36:22.760Z GET /allproducts from ::1
>>> 2026-09-13T19:36:22.916Z GET /admin/orders?limit=30 from ::1
>>> 2026-09-13T19:37:22.759Z GET /allproducts from ::1
>>> 2026-09-13T19:37:22.908Z GET /admin/orders?limit=30 from ::1
>>> 2026-09-13T19:38:22.762Z GET /allproducts from ::1
>>> 2026-09-13T19:38:22.921Z GET /admin/orders?limit=30 from ::1
>>> 2026-09-13T19:39:22.760Z GET /allproducts from ::1
>>> 2026-09-13T19:39:22.934Z GET /admin/orders?limit=30 from ::1
>>> 2026-09-13T19:40:22.765Z GET /allproducts from ::1
>>> 2026-09-13T19:40:22.921Z GET /admin/orders?limit=30 from ::1
>>> 2026-09-13T19:41:22.766Z GET /allproducts from ::1
>>> 2026-09-13T19:41:22.963Z GET /admin/orders?limit=30 from ::1
>>> 2026-09-13T19:42:22.798Z GET /allproducts from ::1
>>> 2026-09-13T19:42:22.952Z GET /admin/orders?limit=30 from ::1
>>> 2026-09-13T19:43:22.754Z GET /allproducts from ::1
>>> 2026-09-13T19:43:22.921Z GET /admin/orders?limit=30 from ::1
>>> 2026-09-13T19:44:22.778Z GET /allproducts from ::1
>>> 2026-09-13T19:44:22.919Z GET /admin/orders?limit=30 from ::1
>>> 2026-09-13T19:45:22.947Z GET /allproducts from ::1
>>> 2026-09-13T19:45:23.105Z GET /admin/orders?limit=30 from ::1
>>> 2026-09-13T19:46:22.771Z GET /allproducts from ::1
>>> 2026-09-13T19:46:22.918Z GET /admin/orders?limit=30 from ::1
>>> 2026-09-13T19:47:22.782Z GET /allproducts from ::1
>>> 2026-09-13T19:47:22.962Z GET /admin/orders?limit=30 from ::1
>>> 2026-09-13T19:48:22.770Z GET /allproducts from ::1
>>> 2026-09-13T19:48:22.927Z GET /admin/orders?limit=30 from ::1
>>> 2026-09-13T19:49:22.764Z GET /allproducts from ::1
>>> 2026-09-13T19:49:22.923Z GET /admin/orders?limit=30 from ::1
>>> 2026-09-13T19:50:22.793Z GET /allproducts from ::1
>>> 2026-09-13T19:50:22.950Z GET /admin/orders?limit=30 from ::1
>>> 2026-09-13T19:51:22.771Z GET /allproducts from ::1
>>> 2026-09-13T19:51:22.942Z GET /admin/orders?limit=30 from ::1
>>> 2026-09-13T19:52:22.758Z GET /allproducts from ::1
>>> 2026-09-13T19:52:22.923Z GET /admin/orders?limit=30 from ::1
>>> 2026-09-13T19:53:22.759Z GET /allproducts from ::1
>>> 2026-09-13T19:53:22.902Z GET /admin/orders?limit=30 from ::1
>>> 2026-09-13T19:54:22.767Z GET /allproducts from ::1
>>> 2026-09-13T19:54:22.936Z GET /admin/orders?limit=30 from ::1
>>> 2026-09-13T19:55:09.389Z POST /getcart from ::1
>>> 2026-09-13T19:55:09.394Z GET /user/profile from ::1
>>> 2026-09-13T19:55:09.400Z GET /userfavorites from ::1
>>> 2026-09-13T19:55:09.530Z GET /allproducts from ::1
>>> 2026-09-13T19:55:09.562Z GET /allproducts from ::1
>>> 2026-09-13T19:55:11.904Z POST /getcart from ::1
>>> 2026-09-13T19:55:11.937Z GET /userfavorites from ::1
>>> 2026-09-13T19:55:11.949Z GET /allproducts from ::1
>>> 2026-09-13T19:55:11.952Z GET /user/profile from ::1
>>> 2026-09-13T19:55:12.057Z GET /allproducts from ::1
>>> 2026-09-13T19:55:12.089Z GET /allproducts from ::1
>>> 2026-09-13T19:55:22.788Z GET /allproducts from ::1
>>> 2026-09-13T19:55:23.028Z GET /admin/orders?limit=30 from ::1
>>> 2026-09-13T19:56:16.019Z POST /getcart from ::1
>>> 2026-09-13T19:56:16.083Z GET /user/profile from ::1
>>> 2026-09-13T19:56:16.087Z GET /allproducts from ::1
>>> 2026-09-13T19:56:16.115Z GET /userfavorites from ::1
>>> 2026-09-13T19:56:16.119Z GET /getreviews/1 from ::1
>>> 2026-09-13T19:56:16.146Z GET /allproducts from ::1
>>> 2026-09-13T19:56:16.341Z GET /allproducts from ::1
>>> 2026-09-13T19:56:21.539Z POST /getcart from ::1
>>> 2026-09-13T19:56:21.575Z GET /user/profile from ::1
>>> 2026-09-13T19:56:21.621Z GET /userfavorites from ::1
>>> 2026-09-13T19:56:21.685Z GET /allproducts from ::1
>>> 2026-09-13T19:56:21.814Z GET /allproducts from ::1
>>> 2026-09-13T19:56:22.767Z GET /allproducts from ::1
>>> 2026-09-13T19:56:22.911Z GET /admin/orders?limit=30 from ::1
>>> 2026-09-13T19:57:22.833Z GET /allproducts from ::1
>>> 2026-09-13T19:57:22.980Z GET /admin/orders?limit=30 from ::1
>>> 2026-09-13T19:58:22.770Z GET /allproducts from ::1
>>> 2026-09-13T19:58:22.930Z GET /admin/orders?limit=30 from ::1
>>> 2026-09-13T19:59:06.867Z GET /userfavorites from ::1
>>> 2026-09-13T19:59:06.879Z GET /user/profile from ::1
>>> 2026-09-13T19:59:06.883Z POST /getcart from ::1
>>> 2026-09-13T19:59:06.997Z GET /allproducts from ::1
>>> 2026-09-13T19:59:07.023Z GET /allproducts from ::1
>>> 2026-09-13T19:59:08.271Z GET /allproducts from ::1
>>> 2026-09-13T19:59:08.277Z POST /getcart from ::1
>>> 2026-09-13T19:59:08.318Z GET /user/profile from ::1
>>> 2026-09-13T19:59:08.334Z GET /userfavorites from ::1
>>> 2026-09-13T19:59:08.419Z GET /allproducts from ::1
>>> 2026-09-13T19:59:08.480Z GET /allproducts from ::1
>>> 2026-09-13T19:59:22.769Z GET /allproducts from ::1
>>> 2026-09-13T19:59:22.934Z GET /admin/orders?limit=30 from ::1
>>> 2026-09-13T20:00:22.797Z GET /allproducts from ::1
>>> 2026-09-13T20:00:22.953Z GET /admin/orders?limit=30 from ::1
>>> 2026-09-13T20:01:22.773Z GET /allproducts from ::1
>>> 2026-09-13T20:01:22.924Z GET /admin/orders?limit=30 from ::1
>>> 2026-09-13T20:02:22.763Z GET /allproducts from ::1
>>> 2026-09-13T20:02:22.913Z GET /admin/orders?limit=30 from ::1
>>> 2026-09-13T20:03:22.768Z GET /allproducts from ::1
>>> 2026-09-13T20:03:22.910Z GET /admin/orders?limit=30 from ::1
>>> 2026-09-13T20:03:33.648Z GET /userfavorites from ::1
>>> 2026-09-13T20:03:33.670Z GET /user/profile from ::1
>>> 2026-09-13T20:03:33.681Z GET /orderhistory?page=1&limit=1&status=all from ::1
[OrderHistory] User: 6a24564570942048bfcc7092, Status Filter: all
[OrderHistory] Final Query: {"$or":[{"userId":"6a24564570942048bfcc7092"},{"user":"6a24564570942048bfcc7092"},{"userId":"6a24564570942048bfcc7092"},{"user":"6a24564570942048bfcc7092"}]}
>>> 2026-09-13T20:03:33.690Z GET /myreviews from ::1
>>> 2026-09-13T20:03:33.693Z POST /getcart from ::1
>>> 2026-09-13T20:03:33.789Z GET /allproducts from ::1
>>> 2026-09-13T20:03:33.871Z GET /allproducts from ::1
>>> 2026-09-13T20:03:38.398Z GET /userfavorites from ::1
>>> 2026-09-13T20:03:38.424Z GET /user/profile from ::1
>>> 2026-09-13T20:03:38.443Z POST /getcart from ::1
>>> 2026-09-13T20:03:38.454Z POST /getcart from ::1
>>> 2026-09-13T20:03:38.463Z GET /user/profile from ::1
>>> 2026-09-13T20:03:38.466Z GET /userfavorites from ::1
>>> 2026-09-13T20:03:38.554Z GET /allproducts from ::1
>>> 2026-09-13T20:03:38.645Z GET /allproducts from ::1
>>> 2026-09-13T20:03:38.652Z GET /allproducts from ::1
>>> 2026-09-13T20:03:38.678Z GET /allproducts from ::1
>>> 2026-09-13T20:03:39.555Z GET /allproducts from ::1
>>> 2026-09-13T20:03:39.561Z POST /getcart from ::1
>>> 2026-09-13T20:03:39.564Z GET /user/profile from ::1
>>> 2026-09-13T20:03:39.567Z GET /userfavorites from ::1
>>> 2026-09-13T20:03:39.739Z GET /allproducts from ::1
>>> 2026-09-13T20:03:39.790Z GET /allproducts from ::1
>>> 2026-09-13T20:03:41.361Z POST /getcart from ::1
>>> 2026-09-13T20:03:41.382Z GET /user/profile from ::1
>>> 2026-09-13T20:03:41.397Z GET /userfavorites from ::1
>>> 2026-09-13T20:03:41.417Z POST /getcart from ::1
>>> 2026-09-13T20:03:41.499Z GET /allproducts from ::1
>>> 2026-09-13T20:03:41.632Z GET /allproducts from ::1
>>> 2026-09-13T20:03:41.637Z GET /allproducts from ::1
>>> 2026-09-13T20:03:42.757Z GET /userfavorites from ::1
>>> 2026-09-13T20:03:42.784Z POST /getcart from ::1
>>> 2026-09-13T20:03:42.796Z GET /user/profile from ::1
>>> 2026-09-13T20:03:42.901Z GET /allproducts from ::1
>>> 2026-09-13T20:03:42.915Z GET /allproducts from ::1
>>> 2026-09-13T20:03:43.116Z POST /getcart from ::1
>>> 2026-09-13T20:03:43.128Z GET /user/profile from ::1
>>> 2026-09-13T20:03:43.134Z GET /userfavorites from ::1
>>> 2026-09-13T20:03:43.137Z POST /getcart from ::1
>>> 2026-09-13T20:03:43.142Z GET /userfavorites from ::1
>>> 2026-09-13T20:03:43.145Z GET /user/profile from ::1
>>> 2026-09-13T20:03:43.255Z GET /allproducts from ::1
>>> 2026-09-13T20:03:43.263Z GET /allproducts from ::1
>>> 2026-09-13T20:03:43.268Z GET /allproducts from ::1
>>> 2026-09-13T20:03:43.348Z GET /allproducts from ::1
>>> 2026-09-13T20:03:50.472Z POST /getcart from ::1
>>> 2026-09-13T20:03:50.507Z GET /user/profile from ::1
>>> 2026-09-13T20:03:50.510Z GET /userfavorites from ::1
>>> 2026-09-13T20:03:50.598Z GET /allproducts from ::1
>>> 2026-09-13T20:03:50.631Z GET /allproducts from ::1
>>> 2026-09-13T20:03:51.139Z GET /user/profile from ::1
>>> 2026-09-13T20:03:51.146Z POST /getcart from ::1
>>> 2026-09-13T20:03:51.179Z GET /userfavorites from ::1
>>> 2026-09-13T20:03:51.182Z POST /getcart from ::1
>>> 2026-09-13T20:03:51.364Z GET /allproducts from ::1
>>> 2026-09-13T20:03:51.377Z GET /allproducts from ::1
>>> 2026-09-13T20:03:51.386Z GET /allproducts from ::1
>>> 2026-09-13T20:03:51.913Z POST /getcart from ::1
>>> 2026-09-13T20:03:51.917Z GET /orderhistory?page=1&limit=1&status=all from ::1
[OrderHistory] User: 6a24564570942048bfcc7092, Status Filter: all
[OrderHistory] Final Query: {"$or":[{"userId":"6a24564570942048bfcc7092"},{"user":"6a24564570942048bfcc7092"},{"userId":"6a24564570942048bfcc7092"},{"user":"6a24564570942048bfcc7092"}]}
>>> 2026-09-13T20:03:51.920Z GET /userfavorites from ::1
>>> 2026-09-13T20:03:51.960Z GET /myreviews from ::1
>>> 2026-09-13T20:03:51.970Z GET /user/profile from ::1
>>> 2026-09-13T20:03:52.065Z GET /allproducts from ::1
>>> 2026-09-13T20:03:52.073Z GET /allproducts from ::1
>>> 2026-09-13T20:03:54.698Z POST /getcart from ::1
>>> 2026-09-13T20:03:54.718Z GET /user/profile from ::1
>>> 2026-09-13T20:03:54.733Z GET /user/profile from ::1
>>> 2026-09-13T20:03:54.739Z GET /userfavorites from ::1
>>> 2026-09-13T20:03:54.744Z POST /getcart from ::1
>>> 2026-09-13T20:03:54.747Z GET /userfavorites from ::1
>>> 2026-09-13T20:03:54.882Z GET /allproducts from ::1
>>> 2026-09-13T20:03:54.977Z GET /allproducts from ::1
>>> 2026-09-13T20:03:54.991Z GET /allproducts from ::1
>>> 2026-09-13T20:03:54.994Z GET /allproducts from ::1
>>> 2026-09-13T20:03:55.402Z POST /getcart from ::1
>>> 2026-09-13T20:03:55.419Z GET /user/profile from ::1
>>> 2026-09-13T20:03:55.435Z GET /userfavorites from ::1
>>> 2026-09-13T20:03:55.538Z GET /allproducts from ::1
>>> 2026-09-13T20:03:55.654Z GET /allproducts from ::1
>>> 2026-09-13T20:04:07.686Z GET /user/profile from ::1
>>> 2026-09-13T20:04:07.711Z GET /orderhistory?page=1&limit=1&status=all from ::1
[OrderHistory] User: 6a24564570942048bfcc7092, Status Filter: all
[OrderHistory] Final Query: {"$or":[{"userId":"6a24564570942048bfcc7092"},{"user":"6a24564570942048bfcc7092"},{"userId":"6a24564570942048bfcc7092"},{"user":"6a24564570942048bfcc7092"}]}
>>> 2026-09-13T20:04:07.716Z GET /userfavorites from ::1
>>> 2026-09-13T20:04:07.719Z GET /myreviews from ::1
>>> 2026-09-13T20:04:07.723Z POST /getcart from ::1
>>> 2026-09-13T20:04:07.890Z GET /allproducts from ::1
>>> 2026-09-13T20:04:07.897Z GET /allproducts from ::1
>>> 2026-09-13T20:04:13.583Z GET /userfavorites from ::1
>>> 2026-09-13T20:04:13.590Z POST /getcart from ::1
>>> 2026-09-13T20:04:13.684Z POST /getcart from ::1
>>> 2026-09-13T20:04:13.697Z GET /userfavorites from ::1
>>> 2026-09-13T20:04:13.703Z GET /user/profile from ::1
>>> 2026-09-13T20:04:13.706Z GET /user/profile from ::1
>>> 2026-09-13T20:04:13.724Z GET /allproducts from ::1
>>> 2026-09-13T20:04:13.732Z GET /allproducts from ::1
>>> 2026-09-13T20:04:13.807Z GET /allproducts from ::1
>>> 2026-09-13T20:04:13.813Z GET /allproducts from ::1
>>> 2026-09-13T20:04:19.566Z GET /userfavorites from ::1
>>> 2026-09-13T20:04:19.600Z POST /getcart from ::1
>>> 2026-09-13T20:04:19.604Z GET /myreviews from ::1
>>> 2026-09-13T20:04:19.607Z GET /user/profile from ::1
>>> 2026-09-13T20:04:19.612Z GET /orderhistory?page=1&limit=1&status=all from ::1
[OrderHistory] User: 6a24564570942048bfcc7092, Status Filter: all
[OrderHistory] Final Query: {"$or":[{"userId":"6a24564570942048bfcc7092"},{"user":"6a24564570942048bfcc7092"},{"userId":"6a24564570942048bfcc7092"},{"user":"6a24564570942048bfcc7092"}]}
>>> 2026-09-13T20:04:19.695Z GET /allproducts from ::1
>>> 2026-09-13T20:04:19.712Z GET /allproducts from ::1
>>> 2026-09-13T20:04:21.901Z POST /getcart from ::1
>>> 2026-09-13T20:04:21.908Z GET /user/profile from ::1
>>> 2026-09-13T20:04:21.913Z GET /userfavorites from ::1
>>> 2026-09-13T20:04:21.943Z GET /user/profile from ::1
>>> 2026-09-13T20:04:21.959Z POST /getcart from ::1
>>> 2026-09-13T20:04:21.973Z GET /userfavorites from ::1
>>> 2026-09-13T20:04:22.044Z GET /allproducts from ::1
>>> 2026-09-13T20:04:22.186Z GET /allproducts from ::1
>>> 2026-09-13T20:04:22.191Z GET /allproducts from ::1
>>> 2026-09-13T20:04:22.199Z GET /allproducts from ::1
>>> 2026-09-13T20:04:22.793Z GET /allproducts from ::1
>>> 2026-09-13T20:04:22.939Z GET /admin/orders?limit=30 from ::1
>>> 2026-09-13T20:04:25.079Z GET /allproducts from ::1
>>> 2026-09-13T20:04:26.185Z POST /getcart from ::1
>>> 2026-09-13T20:04:26.219Z GET /user/profile from ::1
>>> 2026-09-13T20:04:26.223Z GET /userfavorites from ::1
>>> 2026-09-13T20:04:26.226Z GET /userfavorites from ::1
>>> 2026-09-13T20:04:26.230Z POST /getcart from ::1
>>> 2026-09-13T20:04:26.371Z GET /user/profile from ::1
>>> 2026-09-13T20:04:26.422Z GET /allproducts from ::1
>>> 2026-09-13T20:04:26.483Z GET /allproducts from ::1
>>> 2026-09-13T20:04:26.528Z GET /allproducts from ::1
>>> 2026-09-13T20:04:26.530Z GET /allproducts from ::1
>>> 2026-09-13T20:04:34.572Z POST /getcart from ::1
>>> 2026-09-13T20:04:34.599Z GET /user/profile from ::1
>>> 2026-09-13T20:04:34.614Z GET /userfavorites from ::1
>>> 2026-09-13T20:04:34.717Z GET /allproducts from ::1
>>> 2026-09-13T20:04:34.936Z GET /allproducts from ::1
>>> 2026-09-13T20:04:36.388Z POST /getcart from ::1
>>> 2026-09-13T20:04:36.420Z GET /userfavorites from ::1
>>> 2026-09-13T20:04:36.428Z GET /user/profile from ::1
>>> 2026-09-13T20:04:36.432Z GET /allproducts from ::1
>>> 2026-09-13T20:04:36.504Z GET /allproducts from ::1
>>> 2026-09-13T20:04:36.537Z GET /allproducts from ::1
>>> 2026-09-13T20:05:22.764Z GET /allproducts from ::1
>>> 2026-09-13T20:05:22.963Z GET /admin/orders?limit=30 from ::1
>>> 2026-09-13T20:06:22.760Z GET /allproducts from ::1
>>> 2026-09-13T20:06:22.934Z GET /admin/orders?limit=30 from ::1
>>> 2026-09-13T20:07:09.026Z POST /getcart from ::1
>>> 2026-09-13T20:07:09.034Z GET /myreviews from ::1
>>> 2026-09-13T20:07:09.056Z GET /orderhistory?page=1&limit=1&status=all from ::1
[OrderHistory] User: 6a24564570942048bfcc7092, Status Filter: all
[OrderHistory] Final Query: {"$or":[{"userId":"6a24564570942048bfcc7092"},{"user":"6a24564570942048bfcc7092"},{"userId":"6a24564570942048bfcc7092"},{"user":"6a24564570942048bfcc7092"}]}
>>> 2026-09-13T20:07:09.057Z GET /user/profile from ::1
>>> 2026-09-13T20:07:09.059Z GET /userfavorites from ::1
>>> 2026-09-13T20:07:09.154Z GET /allproducts from ::1
>>> 2026-09-13T20:07:09.255Z GET /allproducts from ::1
>>> 2026-09-13T20:07:13.280Z GET /userfavorites from ::1
>>> 2026-09-13T20:07:13.285Z POST /getcart from ::1
>>> 2026-09-13T20:07:13.323Z GET /user/profile from ::1
>>> 2026-09-13T20:07:13.325Z GET /user/profile from ::1
>>> 2026-09-13T20:07:13.327Z GET /userfavorites from ::1
>>> 2026-09-13T20:07:13.328Z POST /getcart from ::1
>>> 2026-09-13T20:07:13.396Z GET /allproducts from ::1
>>> 2026-09-13T20:07:13.398Z GET /allproducts from ::1
>>> 2026-09-13T20:07:13.541Z GET /allproducts from ::1
>>> 2026-09-13T20:07:13.545Z GET /allproducts from ::1
>>> 2026-09-13T20:07:13.989Z GET /orderhistory?page=1&limit=1&status=all from ::1
[OrderHistory] User: 6a24564570942048bfcc7092, Status Filter: all
[OrderHistory] Final Query: {"$or":[{"userId":"6a24564570942048bfcc7092"},{"user":"6a24564570942048bfcc7092"},{"userId":"6a24564570942048bfcc7092"},{"user":"6a24564570942048bfcc7092"}]}
>>> 2026-09-13T20:07:13.993Z POST /getcart from ::1
>>> 2026-09-13T20:07:14.024Z GET /myreviews from ::1
>>> 2026-09-13T20:07:14.026Z GET /user/profile from ::1
>>> 2026-09-13T20:07:14.031Z GET /userfavorites from ::1
>>> 2026-09-13T20:07:14.104Z GET /allproducts from ::1
>>> 2026-09-13T20:07:14.218Z GET /allproducts from ::1
>>> 2026-09-13T20:07:16.981Z GET /userfavorites from ::1
>>> 2026-09-13T20:07:16.986Z POST /getcart from ::1
>>> 2026-09-13T20:07:17.022Z GET /user/profile from ::1
>>> 2026-09-13T20:07:17.024Z GET /userfavorites from ::1
>>> 2026-09-13T20:07:17.026Z GET /user/profile from ::1
>>> 2026-09-13T20:07:17.027Z POST /getcart from ::1
>>> 2026-09-13T20:07:17.110Z GET /allproducts from ::1
>>> 2026-09-13T20:07:17.112Z GET /allproducts from ::1
>>> 2026-09-13T20:07:17.264Z GET /allproducts from ::1
>>> 2026-09-13T20:07:17.268Z GET /allproducts from ::1
>>> 2026-09-13T20:07:22.765Z GET /allproducts from ::1
>>> 2026-09-13T20:07:22.940Z GET /admin/orders?limit=30 from ::1
>>> 2026-09-13T20:08:22.754Z GET /allproducts from ::1
>>> 2026-09-13T20:08:22.903Z GET /admin/orders?limit=30 from ::1
>>> 2026-09-13T20:08:27.541Z GET /userfavorites from ::1
>>> 2026-09-13T20:08:27.546Z GET /orderhistory?page=1&limit=1&status=all from ::1
[OrderHistory] User: 6a24564570942048bfcc7092, Status Filter: all
[OrderHistory] Final Query: {"$or":[{"userId":"6a24564570942048bfcc7092"},{"user":"6a24564570942048bfcc7092"},{"userId":"6a24564570942048bfcc7092"},{"user":"6a24564570942048bfcc7092"}]}
>>> 2026-09-13T20:08:27.547Z GET /user/profile from ::1
>>> 2026-09-13T20:08:27.549Z POST /getcart from ::1
>>> 2026-09-13T20:08:27.550Z GET /myreviews from ::1
>>> 2026-09-13T20:08:27.666Z GET /allproducts from ::1
>>> 2026-09-13T20:08:27.708Z GET /allproducts from ::1
>>> 2026-09-13T20:08:30.243Z POST /getcart from ::1
>>> 2026-09-13T20:08:30.284Z POST /getcart from ::1
>>> 2026-09-13T20:08:30.320Z GET /userfavorites from ::1
>>> 2026-09-13T20:08:30.322Z GET /user/profile from ::1
>>> 2026-09-13T20:08:30.323Z GET /userfavorites from ::1
>>> 2026-09-13T20:08:30.369Z GET /user/profile from ::1
>>> 2026-09-13T20:08:30.411Z GET /allproducts from ::1
>>> 2026-09-13T20:08:30.495Z GET /allproducts from ::1
>>> 2026-09-13T20:08:30.496Z GET /allproducts from ::1
>>> 2026-09-13T20:08:30.630Z GET /allproducts from ::1
>>> 2026-09-13T20:08:34.300Z POST /getcart from ::1
>>> 2026-09-13T20:08:34.389Z GET /user/profile from ::1
>>> 2026-09-13T20:08:34.391Z GET /orderhistory?page=1&limit=1&status=all from ::1
[OrderHistory] User: 6a24564570942048bfcc7092, Status Filter: all
[OrderHistory] Final Query: {"$or":[{"userId":"6a24564570942048bfcc7092"},{"user":"6a24564570942048bfcc7092"},{"userId":"6a24564570942048bfcc7092"},{"user":"6a24564570942048bfcc7092"}]}
>>> 2026-09-13T20:08:34.424Z GET /myreviews from ::1
>>> 2026-09-13T20:08:34.426Z GET /userfavorites from ::1
>>> 2026-09-13T20:08:34.429Z GET /allproducts from ::1
>>> 2026-09-13T20:08:34.691Z GET /allproducts from ::1
>>> 2026-09-13T20:08:36.193Z POST /getcart from ::1
>>> 2026-09-13T20:08:36.234Z GET /userfavorites from ::1
>>> 2026-09-13T20:08:36.269Z GET /userfavorites from ::1
>>> 2026-09-13T20:08:36.273Z POST /getcart from ::1
>>> 2026-09-13T20:08:36.274Z GET /user/profile from ::1
>>> 2026-09-13T20:08:36.319Z GET /user/profile from ::1
>>> 2026-09-13T20:08:36.364Z GET /allproducts from ::1
>>> 2026-09-13T20:08:36.433Z GET /allproducts from ::1
>>> 2026-09-13T20:08:36.435Z GET /allproducts from ::1
>>> 2026-09-13T20:08:36.553Z GET /allproducts from ::1
>>> 2026-09-13T20:08:40.007Z POST /getcart from ::1
>>> 2026-09-13T20:08:40.012Z GET /user/profile from ::1
>>> 2026-09-13T20:08:40.013Z GET /userfavorites from ::1
>>> 2026-09-13T20:08:40.126Z GET /allproducts from ::1
>>> 2026-09-13T20:08:40.130Z GET /allproducts from ::1
>>> 2026-09-13T20:08:44.143Z GET /userfavorites from ::1
>>> 2026-09-13T20:08:44.145Z POST /getcart from ::1
>>> 2026-09-13T20:08:44.179Z GET /user/profile from ::1
>>> 2026-09-13T20:08:44.181Z GET /userfavorites from ::1
>>> 2026-09-13T20:08:44.182Z POST /getcart from ::1
>>> 2026-09-13T20:08:44.183Z GET /user/profile from ::1
>>> 2026-09-13T20:08:44.263Z GET /allproducts from ::1
>>> 2026-09-13T20:08:44.265Z GET /allproducts from ::1
>>> 2026-09-13T20:08:44.437Z GET /userfavorites from ::1
>>> 2026-09-13T20:08:44.441Z POST /getcart from ::1
>>> 2026-09-13T20:08:44.443Z GET /allproducts from ::1
>>> 2026-09-13T20:08:44.446Z GET /allproducts from ::1
>>> 2026-09-13T20:08:44.449Z GET /user/profile from ::1
>>> 2026-09-13T20:08:44.639Z GET /allproducts from ::1
>>> 2026-09-13T20:08:44.643Z GET /allproducts from ::1
>>> 2026-09-13T20:08:50.162Z GET /allproducts from ::1
>>> 2026-09-13T20:08:56.220Z GET /getreviews/51 from ::1
>>> 2026-09-13T20:08:56.228Z GET /allproducts from ::1
>>> 2026-09-13T20:09:22.760Z GET /allproducts from ::1
>>> 2026-09-13T20:09:22.920Z GET /admin/orders?limit=30 from ::1
>>> 2026-09-13T20:09:51.722Z GET /allproducts from ::1
>>> 2026-09-13T20:09:51.725Z GET /getreviews/50 from ::1
>>> 2026-09-13T20:10:18.526Z GET /getreviews/2 from ::1
>>> 2026-09-13T20:10:18.559Z GET /allproducts from ::1
>>> 2026-09-13T20:10:22.260Z POST /getcart from ::1
>>> 2026-09-13T20:10:22.262Z GET /user/profile from ::1
>>> 2026-09-13T20:10:22.299Z GET /userfavorites from ::1
>>> 2026-09-13T20:10:22.301Z GET /userfavorites from ::1
>>> 2026-09-13T20:10:22.302Z GET /user/profile from ::1
>>> 2026-09-13T20:10:22.303Z POST /getcart from ::1
>>> 2026-09-13T20:10:22.371Z GET /allproducts from ::1
>>> 2026-09-13T20:10:22.600Z GET /allproducts from ::1
>>> 2026-09-13T20:10:22.605Z GET /allproducts from ::1
>>> 2026-09-13T20:10:22.606Z GET /allproducts from ::1
>>> 2026-09-13T20:10:22.749Z GET /allproducts from ::1
>>> 2026-09-13T20:10:22.852Z GET /admin/orders?limit=30 from ::1
>>> 2026-09-13T20:11:22.790Z GET /allproducts from ::1
>>> 2026-09-13T20:11:22.953Z GET /admin/orders?limit=30 from ::1
>>> 2026-09-13T20:12:22.755Z GET /allproducts from ::1
>>> 2026-09-13T20:12:22.922Z GET /admin/orders?limit=30 from ::1
>>> 2026-09-13T20:13:22.794Z GET /allproducts from ::1
>>> 2026-09-13T20:13:23.008Z GET /admin/orders?limit=30 from ::1
>>> 2026-09-13T20:14:22.774Z GET /allproducts from ::1
>>> 2026-09-13T20:14:23.001Z GET /admin/orders?limit=30 from ::1
>>> 2026-09-13T20:15:22.784Z GET /allproducts from ::1
>>> 2026-09-13T20:15:23.008Z GET /admin/orders?limit=30 from ::1
>>> 2026-09-13T20:16:22.765Z GET /allproducts from ::1
>>> 2026-09-13T20:16:22.959Z GET /admin/orders?limit=30 from ::1
>>> 2026-09-13T20:17:22.757Z GET /allproducts from ::1
>>> 2026-09-13T20:17:22.961Z GET /admin/orders?limit=30 from ::1
>>> 2026-09-13T20:17:41.276Z GET /allproducts from ::1
>>> 2026-09-13T20:17:46.119Z GET /allproducts from ::1
>>> 2026-09-13T20:17:54.777Z GET /allproducts from ::1
>>> 2026-09-13T20:18:17.326Z GET /allproducts from ::1
>>> 2026-09-13T20:18:22.753Z GET /allproducts from ::1
>>> 2026-09-13T20:18:22.930Z GET /admin/orders?limit=30 from ::1
>>> 2026-09-13T20:18:23.479Z GET /allproducts from ::1
>>> 2026-09-13T20:18:31.847Z GET /allproducts from ::1
>>> 2026-09-13T20:19:02.588Z POST /getcart from ::1
>>> 2026-09-13T20:19:02.593Z GET /user/profile from ::1
>>> 2026-09-13T20:19:02.594Z GET /userfavorites from ::1
>>> 2026-09-13T20:19:02.730Z GET /allproducts from ::1
>>> 2026-09-13T20:19:02.763Z GET /allproducts from ::1
>>> 2026-09-13T20:19:05.109Z GET /allproducts from ::1
>>> 2026-09-13T20:19:05.142Z GET /user/profile from ::1
>>> 2026-09-13T20:19:05.146Z POST /getcart from ::1
>>> 2026-09-13T20:19:05.185Z GET /userfavorites from ::1
>>> 2026-09-13T20:19:05.277Z GET /allproducts from ::1
>>> 2026-09-13T20:19:05.380Z GET /allproducts from ::1
>>> 2026-09-13T20:19:22.759Z GET /allproducts from ::1
>>> 2026-09-13T20:19:22.906Z GET /admin/orders?limit=30 from ::1
>>> 2026-09-13T20:20:22.759Z GET /allproducts from ::1
>>> 2026-09-13T20:20:22.918Z GET /admin/orders?limit=30 from ::1
>>> 2026-09-13T20:20:32.431Z GET /allproducts from ::1
>>> 2026-09-13T20:20:32.649Z GET /allproducts from ::1
>>> 2026-09-13T20:21:22.769Z GET /allproducts from ::1
>>> 2026-09-13T20:21:22.908Z GET /admin/orders?limit=30 from ::1
>>> 2026-09-13T20:21:23.619Z GET /allproducts from ::1
>>> 2026-09-13T20:21:23.812Z GET /allproducts from ::1
>>> 2026-09-13T20:21:27.787Z GET /allproducts from ::1
>>> 2026-09-13T20:21:28.041Z GET /allproducts from ::1
>>> 2026-09-13T20:22:22.759Z GET /allproducts from ::1
>>> 2026-09-13T20:22:22.907Z GET /admin/orders?limit=30 from ::1
>>> 2026-09-13T20:22:48.768Z GET /allproducts from ::1
>>> 2026-09-13T20:22:52.369Z GET /allproducts from ::1
>>> 2026-09-13T20:22:57.319Z GET /allproducts from ::1
>>> 2026-09-13T20:23:22.757Z GET /allproducts from ::1
>>> 2026-09-13T20:23:22.932Z GET /admin/orders?limit=30 from ::1
>>> 2026-09-13T20:24:16.439Z GET /user/profile from ::1
>>> 2026-09-13T20:24:16.444Z POST /getcart from ::1
>>> 2026-09-13T20:24:16.472Z GET /userfavorites from ::1
>>> 2026-09-13T20:24:16.586Z GET /allproducts from ::1
>>> 2026-09-13T20:24:16.669Z GET /allproducts from ::1
>>> 2026-09-13T20:24:19.003Z GET /allproducts from ::1
>>> 2026-09-13T20:24:19.035Z POST /getcart from ::1
>>> 2026-09-13T20:24:19.042Z GET /user/profile from ::1
>>> 2026-09-13T20:24:19.044Z GET /userfavorites from ::1
>>> 2026-09-13T20:24:19.223Z GET /allproducts from ::1
>>> 2026-09-13T20:24:19.256Z GET /allproducts from ::1
>>> 2026-09-13T20:24:22.753Z GET /allproducts from ::1
>>> 2026-09-13T20:24:22.914Z GET /admin/orders?limit=30 from ::1
>>> 2026-09-13T20:25:22.758Z GET /allproducts from ::1
>>> 2026-09-13T20:25:22.916Z GET /admin/orders?limit=30 from ::1
>>> 2026-09-13T20:26:22.769Z GET /allproducts from ::1
>>> 2026-09-13T20:26:22.923Z GET /admin/orders?limit=30 from ::1
>>> 2026-09-13T20:27:22.753Z GET /allproducts from ::1
>>> 2026-09-13T20:27:22.908Z GET /admin/orders?limit=30 from ::1
>>> 2026-09-13T20:28:02.122Z POST /getcart from ::1
>>> 2026-09-13T20:28:02.155Z GET /user/profile from ::1
>>> 2026-09-13T20:28:02.157Z GET /userfavorites from ::1
>>> 2026-09-13T20:28:02.258Z GET /allproducts from ::1
>>> 2026-09-13T20:28:02.291Z GET /allproducts from ::1
>>> 2026-09-13T20:28:04.724Z GET /allproducts from ::1
>>> 2026-09-13T20:28:04.764Z GET /user/profile from ::1
>>> 2026-09-13T20:28:04.767Z POST /getcart from ::1
>>> 2026-09-13T20:28:04.768Z GET /userfavorites from ::1
>>> 2026-09-13T20:28:04.896Z GET /allproducts from ::1
>>> 2026-09-13T20:28:04.927Z GET /allproducts from ::1
>>> 2026-09-13T20:28:22.760Z GET /allproducts from ::1
>>> 2026-09-13T20:28:22.970Z GET /admin/orders?limit=30 from ::1
>>> 2026-09-13T20:29:22.761Z GET /allproducts from ::1
>>> 2026-09-13T20:29:22.953Z GET /admin/orders?limit=30 from ::1
>>> 2026-09-13T20:30:22.773Z GET /allproducts from ::1
>>> 2026-09-13T20:30:22.951Z GET /admin/orders?limit=30 from ::1
>>> 2026-09-13T20:31:22.748Z GET /allproducts from ::1
>>> 2026-09-13T20:31:22.917Z GET /admin/orders?limit=30 from ::1
>>> 2026-09-13T20:32:22.752Z GET /allproducts from ::1
>>> 2026-09-13T20:32:22.946Z GET /admin/orders?limit=30 from ::1
>>> 2026-09-13T20:33:22.752Z GET /allproducts from ::1
>>> 2026-09-13T20:33:22.919Z GET /admin/orders?limit=30 from ::1
>>> 2026-09-13T20:34:22.767Z GET /allproducts from ::1
>>> 2026-09-13T20:34:22.938Z GET /admin/orders?limit=30 from ::1
>>> 2026-09-13T20:35:22.767Z GET /allproducts from ::1
>>> 2026-09-13T20:35:22.931Z GET /admin/orders?limit=30 from ::1
>>> 2026-09-13T20:36:22.769Z GET /allproducts from ::1
>>> 2026-09-13T20:36:22.936Z GET /admin/orders?limit=30 from ::1
>>> 2026-09-13T20:37:22.785Z GET /allproducts from ::1
>>> 2026-09-13T20:37:22.965Z GET /admin/orders?limit=30 from ::1
>>> 2026-09-13T20:38:22.774Z GET /allproducts from ::1
>>> 2026-09-13T20:38:22.957Z GET /admin/orders?limit=30 from ::1
>>> 2026-09-13T20:39:22.777Z GET /allproducts from ::1
>>> 2026-09-13T20:39:22.990Z GET /admin/orders?limit=30 from ::1
>>> 2026-09-13T20:40:22.766Z GET /allproducts from ::1
>>> 2026-09-13T20:40:22.974Z GET /admin/orders?limit=30 from ::1
>>> 2026-09-13T20:40:34.098Z POST /login from ::1
>>> 2026-09-13T20:40:34.418Z GET /userfavorites from ::1
>>> 2026-09-13T20:40:34.424Z POST /getcart from ::1
>>> 2026-09-13T20:40:34.427Z GET /allproducts from ::1
>>> 2026-09-13T20:40:34.457Z GET /userfavorites from ::1
>>> 2026-09-13T20:40:34.460Z POST /getcart from ::1
>>> 2026-09-13T20:40:34.466Z GET /user/profile from ::1
>>> 2026-09-13T20:40:34.469Z GET /user/profile from ::1
>>> 2026-09-13T20:40:34.544Z GET /allproducts from ::1
>>> 2026-09-13T20:40:34.554Z GET /allproducts from ::1
>>> 2026-09-13T20:40:34.565Z GET /allproducts from ::1
>>> 2026-09-13T20:40:34.572Z GET /allproducts from ::1
>>> 2026-09-13T20:40:47.771Z GET /userfavorites from ::1
>>> 2026-09-13T20:40:47.778Z POST /getcart from ::1
>>> 2026-09-13T20:40:47.808Z GET /user/profile from ::1
>>> 2026-09-13T20:40:47.816Z GET /allproducts from ::1
>>> 2026-09-13T20:40:48.081Z GET /allproducts from ::1
>>> 2026-09-13T20:40:48.208Z GET /allproducts from ::1
>>> 2026-09-13T20:40:52.817Z GET /allproducts from ::1
>>> 2026-09-13T20:40:56.337Z GET /getreviews/51 from ::1
>>> 2026-09-13T20:40:56.377Z GET /allproducts from ::1
>>> 2026-09-13T20:41:22.771Z GET /allproducts from ::1
>>> 2026-09-13T20:41:22.920Z GET /admin/orders?limit=30 from ::1
>>> 2026-09-13T20:41:58.963Z GET /allproducts from ::1
>>> 2026-09-13T20:41:58.992Z GET /getreviews/1 from ::1
>>> 2026-09-13T20:42:18.643Z GET /artryon/index.html?effect=Shoe_PBR.deepar from ::1
>>> 2026-09-13T20:42:18.808Z GET /artryon/index.html?effect=Shoe_PBR.deepar from ::1
>>> 2026-09-13T20:42:18.933Z GET /artryon/lib/deepar.js from ::1
>>> 2026-09-13T20:42:22.776Z GET /allproducts from ::1
>>> 2026-09-13T20:42:22.952Z GET /admin/orders?limit=30 from ::1
>>> 2026-09-13T20:42:23.240Z GET /artryon/effects/Shoe_PBR.deepar from ::1
>>> 2026-09-13T20:42:25.156Z GET /artryon/lib/foot-detector-96x96x6-q8.bin from ::1
>>> 2026-09-13T20:42:25.315Z GET /artryon/lib/foot-keyps-superfast-23JUN2024.bin from ::1
>>> 2026-09-13T20:42:25.504Z GET /artryon/lib/foot-right-200.obj from ::1
>>> 2026-09-13T20:42:25.591Z GET /artryon/lib/libxzimgPoseEstimation.wasm from ::1
>>> 2026-09-13T20:42:25.697Z GET /artryon/lib/tfjs-backend-wasm-simd.wasm from ::1
>>> 2026-09-13T20:43:22.779Z GET /allproducts from ::1
>>> 2026-09-13T20:43:22.927Z GET /admin/orders?limit=30 from ::1
>>> 2026-09-13T20:44:22.770Z GET /allproducts from ::1
>>> 2026-09-13T20:44:22.928Z GET /admin/orders?limit=30 from ::1
>>> 2026-09-13T20:44:24.685Z GET /allproducts from ::1
>>> 2026-09-13T20:44:24.714Z GET /getreviews/2 from ::1
>>> 2026-09-13T20:44:26.459Z GET /artryon/index.html?effect=Shoe_PBR.deepar from ::1
>>> 2026-09-13T20:44:26.558Z GET /artryon/lib/deepar.js from ::1
>>> 2026-09-13T20:44:27.647Z GET /artryon/effects/Shoe_PBR.deepar from ::1
>>> 2026-09-13T20:44:27.911Z GET /artryon/lib/foot-detector-96x96x6-q8.bin from ::1
>>> 2026-09-13T20:44:27.998Z GET /artryon/lib/foot-keyps-superfast-23JUN2024.bin from ::1
>>> 2026-09-13T20:44:28.087Z GET /artryon/lib/foot-right-200.obj from ::1
>>> 2026-09-13T20:44:28.177Z GET /artryon/lib/libxzimgPoseEstimation.wasm from ::1
>>> 2026-09-13T20:44:28.267Z GET /artryon/lib/tfjs-backend-wasm-simd.wasm from ::1
>>> 2026-09-13T20:44:54.460Z POST /addtocart from ::1
>>> 2026-09-13T20:44:57.027Z GET /userfavorites from ::1
>>> 2026-09-13T20:44:57.070Z GET /user/profile from ::1
>>> 2026-09-13T20:44:57.075Z POST /getcart from ::1
>>> 2026-09-13T20:44:57.081Z POST /getcart from ::1
>>> 2026-09-13T20:44:57.160Z GET /allproducts from ::1
>>> 2026-09-13T20:44:57.299Z GET /allproducts from ::1
>>> 2026-09-13T20:44:57.315Z GET /allproducts from ::1
>>> 2026-09-13T20:45:02.609Z GET /user/profile from ::1
>>> 2026-09-13T20:45:02.623Z POST /getcart from ::1
>>> 2026-09-13T20:45:02.626Z GET /userfavorites from ::1
>>> 2026-09-13T20:45:02.642Z GET /allproducts from ::1
>>> 2026-09-13T20:45:02.796Z GET /allproducts from ::1
>>> 2026-09-13T20:45:02.809Z GET /allproducts from ::1
>>> 2026-09-13T20:45:04.029Z GET /userfavorites from ::1
>>> 2026-09-13T20:45:04.039Z POST /getcart from ::1
>>> 2026-09-13T20:45:04.066Z GET /user/profile from ::1
>>> 2026-09-13T20:45:04.091Z GET /userfavorites from ::1
>>> 2026-09-13T20:45:04.095Z POST /getcart from ::1
>>> 2026-09-13T20:45:04.098Z GET /user/profile from ::1
>>> 2026-09-13T20:45:04.166Z GET /allproducts from ::1
>>> 2026-09-13T20:45:04.180Z GET /allproducts from ::1
>>> 2026-09-13T20:45:04.259Z GET /allproducts from ::1
>>> 2026-09-13T20:45:04.269Z GET /allproducts from ::1
>>> 2026-09-13T20:45:04.812Z GET /userfavorites from ::1
>>> 2026-09-13T20:45:04.832Z POST /getcart from ::1
>>> 2026-09-13T20:45:04.840Z POST /getcart from ::1
>>> 2026-09-13T20:45:04.843Z GET /user/profile from ::1
>>> 2026-09-13T20:45:04.945Z GET /allproducts from ::1
>>> 2026-09-13T20:45:04.954Z GET /allproducts from ::1
>>> 2026-09-13T20:45:04.961Z GET /allproducts from ::1
>>> 2026-09-13T20:45:10.635Z POST /getcart from ::1
>>> 2026-09-13T20:45:10.645Z GET /userfavorites from ::1
>>> 2026-09-13T20:45:10.678Z GET /user/profile from ::1
>>> 2026-09-13T20:45:10.694Z POST /getcart from ::1
>>> 2026-09-13T20:45:10.697Z GET /userfavorites from ::1
>>> 2026-09-13T20:45:10.706Z GET /user/profile from ::1
>>> 2026-09-13T20:45:10.894Z GET /allproducts from ::1
>>> 2026-09-13T20:45:10.897Z GET /allproducts from ::1
>>> 2026-09-13T20:45:10.902Z GET /allproducts from ::1
>>> 2026-09-13T20:45:10.905Z GET /allproducts from ::1
>>> 2026-09-13T20:45:22.759Z GET /allproducts from ::1
>>> 2026-09-13T20:45:22.973Z GET /admin/orders?limit=30 from ::1
>>> 2026-09-13T20:46:22.763Z GET /allproducts from ::1
>>> 2026-09-13T20:46:22.954Z GET /admin/orders?limit=30 from ::1
>>> 2026-09-13T20:47:22.749Z GET /allproducts from ::1
>>> 2026-09-13T20:47:22.945Z GET /admin/orders?limit=30 from ::1
>>> 2026-09-13T20:48:22.792Z GET /allproducts from ::1
>>> 2026-09-13T20:48:22.971Z GET /admin/orders?limit=30 from ::1
>>> 2026-09-13T20:48:45.327Z POST /getcart from ::1
>>> 2026-09-13T20:48:45.355Z GET /user/profile from ::1
>>> 2026-09-13T20:48:45.358Z GET /userfavorites from ::1
>>> 2026-09-13T20:48:45.472Z GET /allproducts from ::1
>>> 2026-09-13T20:48:45.505Z GET /allproducts from ::1
>>> 2026-09-13T20:48:47.890Z POST /getcart from ::1
>>> 2026-09-13T20:48:47.921Z GET /allproducts from ::1
>>> 2026-09-13T20:48:47.933Z GET /userfavorites from ::1
>>> 2026-09-13T20:48:47.936Z GET /user/profile from ::1
>>> 2026-09-13T20:48:48.040Z GET /allproducts from ::1
>>> 2026-09-13T20:48:48.162Z GET /allproducts from ::1
>>> 2026-09-13T20:49:22.760Z GET /allproducts from ::1
>>> 2026-09-13T20:49:22.920Z GET /admin/orders?limit=30 from ::1
>>> 2026-09-13T20:50:22.759Z GET /allproducts from ::1
>>> 2026-09-13T20:50:22.922Z GET /admin/orders?limit=30 from ::1
>>> 2026-09-13T20:51:22.760Z GET /allproducts from ::1
>>> 2026-09-13T20:51:22.921Z GET /admin/orders?limit=30 from ::1
>>> 2026-09-13T20:52:05.368Z GET /user/profile from ::1
>>> 2026-09-13T20:52:05.397Z POST /getcart from ::1
>>> 2026-09-13T20:52:05.400Z GET /userfavorites from ::1
>>> 2026-09-13T20:52:05.573Z GET /allproducts from ::1
>>> 2026-09-13T20:52:05.576Z GET /allproducts from ::1
>>> 2026-09-13T20:52:08.785Z GET /user/profile from ::1
>>> 2026-09-13T20:52:08.852Z POST /getcart from ::1
>>> 2026-09-13T20:52:08.855Z GET /userfavorites from ::1
>>> 2026-09-13T20:52:08.857Z POST /getcart from ::1
>>> 2026-09-13T20:52:08.859Z GET /userfavorites from ::1
>>> 2026-09-13T20:52:08.860Z GET /user/profile from ::1
>>> 2026-09-13T20:52:09.026Z GET /allproducts from ::1
>>> 2026-09-13T20:52:09.028Z GET /allproducts from ::1
>>> 2026-09-13T20:52:09.036Z GET /allproducts from ::1
>>> 2026-09-13T20:52:09.037Z GET /allproducts from ::1
>>> 2026-09-13T20:52:09.264Z GET /userfavorites from ::1
>>> 2026-09-13T20:52:09.269Z GET /user/profile from ::1
>>> 2026-09-13T20:52:09.270Z POST /getcart from ::1
>>> 2026-09-13T20:52:09.383Z GET /allproducts from ::1
>>> 2026-09-13T20:52:09.419Z GET /allproducts from ::1
>>> 2026-09-13T20:52:22.772Z GET /allproducts from ::1
>>> 2026-09-13T20:52:22.928Z GET /admin/orders?limit=30 from ::1
>>> 2026-09-13T20:52:28.218Z POST /getcart from ::1
>>> 2026-09-13T20:52:28.220Z GET /user/profile from ::1
>>> 2026-09-13T20:52:28.221Z POST /getcart from ::1
>>> 2026-09-13T20:52:28.223Z GET /user/profile from ::1
>>> 2026-09-13T20:52:28.224Z GET /userfavorites from ::1
>>> 2026-09-13T20:52:28.225Z GET /userfavorites from ::1
>>> 2026-09-13T20:52:28.455Z GET /allproducts from ::1
>>> 2026-09-13T20:52:28.459Z GET /allproducts from ::1
>>> 2026-09-13T20:52:28.460Z GET /allproducts from ::1
>>> 2026-09-13T20:52:28.461Z GET /allproducts from ::1
>>> 2026-09-13T20:53:13.556Z POST /getcart from ::1
>>> 2026-09-13T20:53:13.574Z GET /user/profile from ::1
>>> 2026-09-13T20:53:13.575Z GET /userfavorites from ::1
>>> 2026-09-13T20:53:13.688Z GET /allproducts from ::1
>>> 2026-09-13T20:53:13.719Z GET /allproducts from ::1
>>> 2026-09-13T20:53:16.129Z GET /allproducts from ::1
>>> 2026-09-13T20:53:16.163Z GET /userfavorites from ::1
>>> 2026-09-13T20:53:16.166Z GET /user/profile from ::1
>>> 2026-09-13T20:53:16.168Z POST /getcart from ::1
>>> 2026-09-13T20:53:16.368Z GET /allproducts from ::1
>>> 2026-09-13T20:53:16.402Z GET /allproducts from ::1
>>> 2026-09-13T20:53:22.758Z GET /allproducts from ::1
>>> 2026-09-13T20:53:22.937Z GET /admin/orders?limit=30 from ::1
>>> 2026-09-13T20:54:22.755Z GET /allproducts from ::1
>>> 2026-09-13T20:54:22.954Z GET /admin/orders?limit=30 from ::1
>>> 2026-09-13T20:54:35.969Z GET /allproducts from ::1
>>> 2026-09-13T20:55:22.763Z GET /allproducts from ::1
>>> 2026-09-13T20:55:22.950Z GET /admin/orders?limit=30 from ::1
>>> 2026-09-13T20:56:01.909Z GET /user/profile from ::1
>>> 2026-09-13T20:56:01.926Z POST /getcart from ::1
>>> 2026-09-13T20:56:01.927Z GET /userfavorites from ::1
>>> 2026-09-13T20:56:02.057Z GET /allproducts from ::1
>>> 2026-09-13T20:56:02.088Z GET /allproducts from ::1
>>> 2026-09-13T20:56:04.480Z POST /getcart from ::1
>>> 2026-09-13T20:56:04.512Z GET /userfavorites from ::1
>>> 2026-09-13T20:56:04.518Z GET /allproducts from ::1
>>> 2026-09-13T20:56:04.520Z GET /user/profile from ::1
>>> 2026-09-13T20:56:04.621Z GET /allproducts from ::1
>>> 2026-09-13T20:56:04.719Z GET /allproducts from ::1
>>> 2026-09-13T20:56:22.753Z GET /allproducts from ::1
>>> 2026-09-13T20:56:22.958Z GET /admin/orders?limit=30 from ::1
>>> 2026-09-13T20:57:22.766Z GET /allproducts from ::1
>>> 2026-09-13T20:57:22.940Z GET /admin/orders?limit=30 from ::1
>>> 2026-09-13T20:58:22.771Z GET /allproducts from ::1
>>> 2026-09-13T20:58:22.959Z GET /admin/orders?limit=30 from ::1
>>> 2026-09-13T20:59:21.577Z POST /getcart from ::1
>>> 2026-09-13T20:59:21.581Z GET /userfavorites from ::1
>>> 2026-09-13T20:59:21.604Z GET /user/profile from ::1
>>> 2026-09-13T20:59:21.709Z GET /allproducts from ::1
>>> 2026-09-13T20:59:21.744Z GET /allproducts from ::1
>>> 2026-09-13T20:59:22.749Z GET /allproducts from ::1
>>> 2026-09-13T20:59:22.934Z GET /admin/orders?limit=30 from ::1
>>> 2026-09-13T20:59:24.151Z POST /getcart from ::1
>>> 2026-09-13T20:59:24.181Z GET /allproducts from ::1
>>> 2026-09-13T20:59:24.185Z GET /user/profile from ::1
>>> 2026-09-13T20:59:24.187Z GET /userfavorites from ::1
>>> 2026-09-13T20:59:24.274Z GET /allproducts from ::1
>>> 2026-09-13T20:59:24.402Z GET /allproducts from ::1
>>> 2026-09-13T21:00:22.765Z GET /allproducts from ::1
>>> 2026-09-13T21:00:22.916Z GET /admin/orders?limit=30 from ::1
>>> 2026-09-13T21:01:08.009Z GET /allproducts from ::1
>>> 2026-09-13T21:01:18.590Z GET /allproducts from ::1
>>> 2026-09-13T21:01:22.763Z GET /allproducts from ::1
>>> 2026-09-13T21:01:22.942Z GET /admin/orders?limit=30 from ::1
>>> 2026-09-13T21:02:09.283Z GET /allproducts from ::1
>>> 2026-09-13T21:02:22.752Z GET /allproducts from ::1
>>> 2026-09-13T21:02:22.905Z GET /admin/orders?limit=30 from ::1
>>> 2026-09-13T21:03:22.756Z GET /allproducts from ::1
>>> 2026-09-13T21:03:22.911Z GET /admin/orders?limit=30 from ::1
>>> 2026-09-13T21:03:55.675Z GET /allproducts from ::1
>>> 2026-09-13T21:04:10.689Z GET /allproducts from ::1
>>> 2026-09-13T21:04:10.728Z POST /getcart from ::1
>>> 2026-09-13T21:04:10.731Z GET /userfavorites from ::1
>>> 2026-09-13T21:04:10.732Z GET /user/profile from ::1
>>> 2026-09-13T21:04:10.866Z GET /allproducts from ::1
>>> 2026-09-13T21:04:10.902Z GET /allproducts from ::1
>>> 2026-09-13T21:04:22.761Z GET /allproducts from ::1
>>> 2026-09-13T21:04:22.944Z GET /admin/orders?limit=30 from ::1
>>> 2026-09-13T21:04:24.684Z GET /allproducts from ::1
>>> 2026-09-13T21:04:59.584Z GET /allproducts from ::1
>>> 2026-09-13T21:05:07.556Z GET /allproducts from ::1
>>> 2026-09-13T21:05:22.760Z GET /allproducts from ::1
>>> 2026-09-13T21:05:22.938Z GET /admin/orders?limit=30 from ::1
>>> 2026-09-13T21:05:44.092Z GET /newcollections from ::1
>>> 2026-09-13T21:05:44.095Z GET /featured from ::1
>>> 2026-09-13T21:05:44.102Z GET /user/profile from ::1
>>> 2026-09-13T21:05:46.562Z GET /allproducts from ::1
>>> 2026-09-13T21:05:49.878Z GET /allproducts from ::1
>>> 2026-09-13T21:05:52.789Z GET /allproducts from ::1
>>> 2026-09-13T21:06:15.881Z GET /allproducts from ::1
>>> 2026-09-13T21:06:22.762Z GET /allproducts from ::1
>>> 2026-09-13T21:06:22.954Z GET /admin/orders?limit=30 from ::1
>>> 2026-09-13T21:07:07.466Z POST /getcart from ::1
>>> 2026-09-13T21:07:07.495Z GET /orderhistory?page=1&limit=1&status=all from ::1
[OrderHistory] User: 6a24564570942048bfcc7092, Status Filter: all
[OrderHistory] Final Query: {"$or":[{"userId":"6a24564570942048bfcc7092"},{"user":"6a24564570942048bfcc7092"},{"userId":"6a24564570942048bfcc7092"},{"user":"6a24564570942048bfcc7092"}]}
>>> 2026-09-13T21:07:07.497Z GET /myreviews from ::1
>>> 2026-09-13T21:07:07.499Z GET /user/profile from ::1
>>> 2026-09-13T21:07:07.501Z GET /userfavorites from ::1
>>> 2026-09-13T21:07:07.587Z GET /allproducts from ::1
>>> 2026-09-13T21:07:07.614Z GET /allproducts from ::1
>>> 2026-09-13T21:07:10.428Z POST /getcart from ::1
>>> 2026-09-13T21:07:10.460Z GET /userfavorites from ::1
>>> 2026-09-13T21:07:10.466Z POST /getcart from ::1
>>> 2026-09-13T21:07:10.470Z GET /user/profile from ::1
>>> 2026-09-13T21:07:10.471Z GET /userfavorites from ::1
>>> 2026-09-13T21:07:10.544Z GET /user/profile from ::1
>>> 2026-09-13T21:07:10.577Z GET /allproducts from ::1
>>> 2026-09-13T21:07:10.611Z GET /allproducts from ::1
>>> 2026-09-13T21:07:10.614Z GET /allproducts from ::1
>>> 2026-09-13T21:07:10.615Z GET /allproducts from ::1
>>> 2026-09-13T21:07:18.667Z POST /getcart from ::1
>>> 2026-09-13T21:07:18.748Z GET /userfavorites from ::1
>>> 2026-09-13T21:07:18.752Z GET /myreviews from ::1
>>> 2026-09-13T21:07:18.754Z GET /orderhistory?page=1&limit=1&status=all from ::1
[OrderHistory] User: 6a24564570942048bfcc7092, Status Filter: all
[OrderHistory] Final Query: {"$or":[{"userId":"6a24564570942048bfcc7092"},{"user":"6a24564570942048bfcc7092"},{"userId":"6a24564570942048bfcc7092"},{"user":"6a24564570942048bfcc7092"}]}
>>> 2026-09-13T21:07:18.756Z GET /user/profile from ::1
>>> 2026-09-13T21:07:18.792Z GET /allproducts from ::1
>>> 2026-09-13T21:07:18.875Z GET /allproducts from ::1
>>> 2026-09-13T21:07:21.132Z POST /getcart from ::1
>>> 2026-09-13T21:07:21.213Z POST /getcart from ::1
>>> 2026-09-13T21:07:21.216Z GET /user/profile from ::1
>>> 2026-09-13T21:07:21.252Z GET /user/profile from ::1
>>> 2026-09-13T21:07:21.254Z GET /userfavorites from ::1
>>> 2026-09-13T21:07:21.255Z GET /userfavorites from ::1
>>> 2026-09-13T21:07:21.339Z GET /allproducts from ::1
>>> 2026-09-13T21:07:21.355Z GET /allproducts from ::1
>>> 2026-09-13T21:07:21.477Z GET /allproducts from ::1
>>> 2026-09-13T21:07:21.529Z GET /allproducts from ::1
>>> 2026-09-13T21:07:22.757Z GET /allproducts from ::1
>>> 2026-09-13T21:07:23.041Z GET /admin/orders?limit=30 from ::1
>>> 2026-09-13T21:07:40.612Z POST /getcart from ::1
>>> 2026-09-13T21:07:40.669Z GET /userfavorites from ::1
>>> 2026-09-13T21:07:40.671Z GET /user/profile from ::1
>>> 2026-09-13T21:07:40.672Z GET /allproducts from ::1
>>> 2026-09-13T21:07:40.747Z GET /allproducts from ::1
>>> 2026-09-13T21:07:40.819Z GET /allproducts from ::1
>>> 2026-09-13T21:07:44.365Z POST /getcart from ::1
>>> 2026-09-13T21:07:44.396Z GET /user/profile from ::1
>>> 2026-09-13T21:07:44.400Z GET /userfavorites from ::1
>>> 2026-09-13T21:07:44.401Z POST /getcart from ::1
>>> 2026-09-13T21:07:44.478Z GET /allproducts from ::1
>>> 2026-09-13T21:07:44.514Z GET /allproducts from ::1
>>> 2026-09-13T21:07:44.547Z GET /allproducts from ::1
>>> 2026-09-13T21:07:45.792Z POST /getcart from ::1
>>> 2026-09-13T21:07:45.824Z GET /user/profile from ::1
>>> 2026-09-13T21:07:45.831Z GET /userfavorites from ::1
>>> 2026-09-13T21:07:45.833Z GET /orderhistory?page=1&limit=1&status=all from ::1
[OrderHistory] User: 6a24564570942048bfcc7092, Status Filter: all
[OrderHistory] Final Query: {"$or":[{"userId":"6a24564570942048bfcc7092"},{"user":"6a24564570942048bfcc7092"},{"userId":"6a24564570942048bfcc7092"},{"user":"6a24564570942048bfcc7092"}]}
>>> 2026-09-13T21:07:45.834Z GET /myreviews from ::1
>>> 2026-09-13T21:07:45.912Z GET /allproducts from ::1
>>> 2026-09-13T21:07:46.291Z GET /allproducts from ::1
>>> 2026-09-13T21:07:47.834Z POST /getcart from ::1
>>> 2026-09-13T21:07:47.865Z GET /userfavorites from ::1
>>> 2026-09-13T21:07:47.869Z GET /userfavorites from ::1
>>> 2026-09-13T21:07:47.870Z GET /user/profile from ::1
>>> 2026-09-13T21:07:47.871Z POST /getcart from ::1
>>> 2026-09-13T21:07:47.946Z GET /user/profile from ::1
>>> 2026-09-13T21:07:47.977Z GET /allproducts from ::1
>>> 2026-09-13T21:07:48.057Z GET /allproducts from ::1
>>> 2026-09-13T21:07:48.059Z GET /allproducts from ::1
>>> 2026-09-13T21:07:48.061Z GET /allproducts from ::1
>>> 2026-09-13T21:08:22.765Z GET /allproducts from ::1
>>> 2026-09-13T21:08:22.948Z GET /admin/orders?limit=30 from ::1
>>> 2026-09-13T21:09:22.763Z GET /allproducts from ::1
>>> 2026-09-13T21:09:22.957Z GET /admin/orders?limit=30 from ::1
>>> 2026-09-13T21:10:22.766Z GET /allproducts from ::1
>>> 2026-09-13T21:10:22.992Z GET /admin/orders?limit=30 from ::1
>>> 2026-09-13T21:11:22.767Z GET /allproducts from ::1
>>> 2026-09-13T21:11:22.957Z GET /admin/orders?limit=30 from ::1
>>> 2026-09-13T21:11:32.824Z GET /allproducts from ::1
>>> 2026-09-13T21:11:40.568Z GET /allproducts from ::1
>>> 2026-09-13T21:11:46.543Z GET /allproducts from ::1
>>> 2026-09-13T21:12:22.499Z GET /allproducts from ::1
>>> 2026-09-13T21:12:22.855Z GET /allproducts from ::1
>>> 2026-09-13T21:12:22.963Z GET /admin/orders?limit=30 from ::1
>>> 2026-09-13T21:13:02.028Z GET /allproducts from ::1
>>> 2026-09-13T21:13:07.246Z POST /getcart from ::1
>>> 2026-09-13T21:13:07.285Z GET /userfavorites from ::1
>>> 2026-09-13T21:13:07.289Z GET /user/profile from ::1
>>> 2026-09-13T21:13:07.290Z GET /myreviews from ::1
>>> 2026-09-13T21:13:07.292Z GET /orderhistory?page=1&limit=1&status=all from ::1
[OrderHistory] User: 6a24564570942048bfcc7092, Status Filter: all
[OrderHistory] Final Query: {"$or":[{"userId":"6a24564570942048bfcc7092"},{"user":"6a24564570942048bfcc7092"},{"userId":"6a24564570942048bfcc7092"},{"user":"6a24564570942048bfcc7092"}]}
>>> 2026-09-13T21:13:07.366Z GET /allproducts from ::1
>>> 2026-09-13T21:13:07.406Z GET /allproducts from ::1
>>> 2026-09-13T21:13:10.520Z POST /getcart from ::1
>>> 2026-09-13T21:13:10.552Z GET /userfavorites from ::1
>>> 2026-09-13T21:13:10.576Z GET /userfavorites from ::1
>>> 2026-09-13T21:13:10.578Z GET /user/profile from ::1
>>> 2026-09-13T21:13:10.580Z POST /getcart from ::1
>>> 2026-09-13T21:13:10.650Z GET /user/profile from ::1
>>> 2026-09-13T21:13:10.683Z GET /allproducts from ::1
>>> 2026-09-13T21:13:10.760Z GET /allproducts from ::1
>>> 2026-09-13T21:13:10.762Z GET /allproducts from ::1
>>> 2026-09-13T21:13:10.765Z GET /allproducts from ::1
>>> 2026-09-13T21:13:22.768Z GET /allproducts from ::1
>>> 2026-09-13T21:13:22.963Z GET /admin/orders?limit=30 from ::1
>>> 2026-09-13T21:13:35.263Z GET /allproducts from ::1
>>> 2026-09-13T21:13:45.536Z POST /getcart from ::1
>>> 2026-09-13T21:13:45.555Z GET /myreviews from ::1
>>> 2026-09-13T21:13:45.556Z GET /orderhistory?page=1&limit=1&status=all from ::1
[OrderHistory] User: 6a24564570942048bfcc7092, Status Filter: all
[OrderHistory] Final Query: {"$or":[{"userId":"6a24564570942048bfcc7092"},{"user":"6a24564570942048bfcc7092"},{"userId":"6a24564570942048bfcc7092"},{"user":"6a24564570942048bfcc7092"}]}
>>> 2026-09-13T21:13:45.558Z GET /user/profile from ::1
>>> 2026-09-13T21:13:45.559Z GET /userfavorites from ::1
>>> 2026-09-13T21:13:45.658Z GET /allproducts from ::1
>>> 2026-09-13T21:13:45.972Z GET /allproducts from ::1
>>> 2026-09-13T21:13:47.400Z POST /getcart from ::1
>>> 2026-09-13T21:13:47.431Z GET /userfavorites from ::1
>>> 2026-09-13T21:13:47.439Z GET /userfavorites from ::1
>>> 2026-09-13T21:13:47.440Z GET /user/profile from ::1
>>> 2026-09-13T21:13:47.442Z POST /getcart from ::1
>>> 2026-09-13T21:13:47.516Z GET /user/profile from ::1
>>> 2026-09-13T21:13:47.591Z GET /allproducts from ::1
>>> 2026-09-13T21:13:47.593Z GET /allproducts from ::1
>>> 2026-09-13T21:13:47.601Z GET /allproducts from ::1
>>> 2026-09-13T21:13:47.602Z GET /allproducts from ::1
>>> 2026-09-13T21:13:54.266Z POST /getcart from ::1
>>> 2026-09-13T21:13:54.296Z GET /myreviews from ::1
>>> 2026-09-13T21:13:54.298Z GET /userfavorites from ::1
>>> 2026-09-13T21:13:54.299Z GET /orderhistory?page=1&limit=1&status=all from ::1
[OrderHistory] User: 6a24564570942048bfcc7092, Status Filter: all
[OrderHistory] Final Query: {"$or":[{"userId":"6a24564570942048bfcc7092"},{"user":"6a24564570942048bfcc7092"},{"userId":"6a24564570942048bfcc7092"},{"user":"6a24564570942048bfcc7092"}]}
>>> 2026-09-13T21:13:54.301Z GET /user/profile from ::1
>>> 2026-09-13T21:13:54.380Z GET /allproducts from ::1
>>> 2026-09-13T21:13:54.413Z GET /allproducts from ::1
>>> 2026-09-13T21:13:56.644Z POST /getcart from ::1
>>> 2026-09-13T21:13:56.722Z POST /getcart from ::1
>>> 2026-09-13T21:13:56.768Z GET /user/profile from ::1
>>> 2026-09-13T21:13:56.770Z GET /user/profile from ::1
>>> 2026-09-13T21:13:56.771Z GET /userfavorites from ::1
>>> 2026-09-13T21:13:56.773Z GET /userfavorites from ::1
>>> 2026-09-13T21:13:56.829Z GET /allproducts from ::1
>>> 2026-09-13T21:13:56.878Z GET /allproducts from ::1
>>> 2026-09-13T21:13:57.225Z GET /allproducts from ::1
>>> 2026-09-13T21:13:57.257Z GET /allproducts from ::1
>>> 2026-09-13T21:14:22.754Z GET /allproducts from ::1
>>> 2026-09-13T21:14:22.928Z GET /admin/orders?limit=30 from ::1
>>> 2026-09-13T21:15:02.942Z GET /allproducts from ::1
>>> 2026-09-13T21:15:22.753Z GET /allproducts from ::1
>>> 2026-09-13T21:15:22.924Z GET /admin/orders?limit=30 from ::1
>>> 2026-09-13T21:16:22.756Z GET /allproducts from ::1
>>> 2026-09-13T21:16:22.933Z GET /admin/orders?limit=30 from ::1
>>> 2026-09-13T21:16:55.817Z GET /userfavorites from ::1
>>> 2026-09-13T21:16:55.847Z GET /allproducts from ::1
>>> 2026-09-13T21:16:55.848Z POST /getcart from ::1
>>> 2026-09-13T21:16:55.969Z GET /allproducts from ::1
>>> 2026-09-13T21:16:56.044Z GET /allproducts from ::1
>>> 2026-09-13T21:16:58.979Z POST /getcart from ::1
>>> 2026-09-13T21:16:58.984Z GET /userfavorites from ::1
>>> 2026-09-13T21:16:59.019Z GET /user/profile from ::1
>>> 2026-09-13T21:16:59.021Z POST /getcart from ::1
>>> 2026-09-13T21:16:59.023Z GET /userfavorites from ::1
>>> 2026-09-13T21:16:59.341Z GET /allproducts from ::1
>>> 2026-09-13T21:16:59.375Z GET /user/profile from ::1
>>> 2026-09-13T21:16:59.379Z GET /allproducts from ::1
>>> 2026-09-13T21:16:59.379Z GET /allproducts from ::1
>>> 2026-09-13T21:16:59.613Z GET /allproducts from ::1
>>> 2026-09-13T21:17:22.761Z GET /allproducts from ::1
>>> 2026-09-13T21:17:22.916Z GET /admin/orders?limit=30 from ::1
>>> 2026-09-13T21:17:30.313Z GET /allproducts from ::1
>>> 2026-09-13T21:17:30.343Z GET /allproducts from ::1
>>> 2026-09-13T21:17:50.673Z POST /getcart from ::1
>>> 2026-09-13T21:17:50.693Z GET /user/profile from ::1
>>> 2026-09-13T21:17:50.695Z GET /userfavorites from ::1
>>> 2026-09-13T21:17:50.806Z GET /allproducts from ::1
>>> 2026-09-13T21:17:50.841Z GET /allproducts from ::1
>>> 2026-09-13T21:17:53.178Z POST /getcart from ::1
>>> 2026-09-13T21:17:53.210Z GET /userfavorites from ::1
>>> 2026-09-13T21:17:53.217Z GET /allproducts from ::1
>>> 2026-09-13T21:17:53.219Z GET /user/profile from ::1
>>> 2026-09-13T21:17:53.316Z GET /allproducts from ::1
>>> 2026-09-13T21:17:53.408Z GET /allproducts from ::1
>>> 2026-09-13T21:18:01.969Z POST /getcart from ::1
>>> 2026-09-13T21:18:02.009Z GET /userfavorites from ::1
>>> 2026-09-13T21:18:02.052Z GET /allproducts from ::1
>>> 2026-09-13T21:18:02.054Z GET /user/profile from ::1
>>> 2026-09-13T21:18:02.108Z GET /allproducts from ::1
>>> 2026-09-13T21:18:02.177Z GET /allproducts from ::1
>>> 2026-09-13T21:18:03.847Z POST /getcart from ::1
>>> 2026-09-13T21:18:03.886Z POST /getcart from ::1
>>> 2026-09-13T21:18:03.889Z GET /userfavorites from ::1
>>> 2026-09-13T21:18:03.891Z GET /user/profile from ::1
>>> 2026-09-13T21:18:03.921Z GET /userfavorites from ::1
>>> 2026-09-13T21:18:03.977Z GET /user/profile from ::1
>>> 2026-09-13T21:18:04.017Z GET /allproducts from ::1
>>> 2026-09-13T21:18:04.018Z GET /allproducts from ::1
>>> 2026-09-13T21:18:04.019Z GET /allproducts from ::1
>>> 2026-09-13T21:18:04.167Z GET /allproducts from ::1
>>> 2026-09-13T21:18:05.632Z GET /allproducts from ::1
>>> 2026-09-13T21:18:10.109Z POST /getcart from ::1
>>> 2026-09-13T21:18:10.153Z GET /userfavorites from ::1
>>> 2026-09-13T21:18:10.184Z GET /allproducts from ::1
>>> 2026-09-13T21:18:10.227Z GET /allproducts from ::1
>>> 2026-09-13T21:18:10.272Z GET /allproducts from ::1
>>> 2026-09-13T21:18:22.801Z GET /allproducts from ::1
>>> 2026-09-13T21:18:22.935Z GET /admin/orders?limit=30 from ::1
>>> 2026-09-13T21:19:22.002Z GET /allproducts from ::1
>>> 2026-09-13T21:19:22.772Z GET /allproducts from ::1
>>> 2026-09-13T21:19:22.912Z GET /admin/orders?limit=30 from ::1
>>> 2026-09-13T21:19:27.312Z POST /getcart from ::1
>>> 2026-09-13T21:19:27.387Z GET /user/profile from ::1
>>> 2026-09-13T21:19:27.389Z GET /userfavorites from ::1
>>> 2026-09-13T21:19:27.391Z POST /getcart from ::1
>>> 2026-09-13T21:19:27.392Z GET /userfavorites from ::1
>>> 2026-09-13T21:19:27.429Z GET /user/profile from ::1
>>> 2026-09-13T21:19:27.501Z GET /allproducts from ::1
>>> 2026-09-13T21:19:27.817Z GET /allproducts from ::1
>>> 2026-09-13T21:19:27.908Z GET /allproducts from ::1
>>> 2026-09-13T21:19:27.910Z GET /allproducts from ::1
>>> 2026-09-13T21:19:29.548Z GET /allproducts from ::1
>>> 2026-09-13T21:19:29.638Z GET /allproducts from ::1
>>> 2026-09-13T21:19:29.640Z GET /allproducts from ::1
>>> 2026-09-13T21:20:00.925Z POST /getcart from ::1
>>> 2026-09-13T21:20:00.961Z GET /user/profile from ::1
>>> 2026-09-13T21:20:00.963Z GET /userfavorites from ::1
>>> 2026-09-13T21:20:00.965Z POST /getcart from ::1
>>> 2026-09-13T21:20:00.966Z GET /userfavorites from ::1
>>> 2026-09-13T21:20:01.047Z GET /user/profile from ::1
>>> 2026-09-13T21:20:01.088Z GET /allproducts from ::1
>>> 2026-09-13T21:20:01.090Z GET /allproducts from ::1
>>> 2026-09-13T21:20:01.667Z GET /allproducts from ::1
>>> 2026-09-13T21:20:01.707Z GET /allproducts from ::1
>>> 2026-09-13T21:20:10.003Z POST /getcart from ::1
>>> 2026-09-13T21:20:10.035Z GET /userfavorites from ::1
>>> 2026-09-13T21:20:10.037Z GET /user/profile from ::1
>>> 2026-09-13T21:20:10.038Z GET /userfavorites from ::1
>>> 2026-09-13T21:20:10.040Z POST /getcart from ::1
>>> 2026-09-13T21:20:10.133Z GET /user/profile from ::1
>>> 2026-09-13T21:20:10.190Z GET /allproducts from ::1
>>> 2026-09-13T21:20:10.226Z GET /allproducts from ::1
>>> 2026-09-13T21:20:10.229Z GET /allproducts from ::1
>>> 2026-09-13T21:20:10.231Z GET /allproducts from ::1
>>> 2026-09-13T21:20:10.950Z GET /allproducts from ::1
>>> 2026-09-13T21:20:10.991Z GET /allproducts from ::1
>>> 2026-09-13T21:20:14.843Z POST /getcart from ::1
>>> 2026-09-13T21:20:14.872Z POST /getcart from ::1
>>> 2026-09-13T21:20:14.878Z GET /userfavorites from ::1
>>> 2026-09-13T21:20:14.880Z GET /userfavorites from ::1
>>> 2026-09-13T21:20:14.881Z GET /user/profile from ::1
>>> 2026-09-13T21:20:14.960Z GET /user/profile from ::1
>>> 2026-09-13T21:20:14.995Z GET /allproducts from ::1
>>> 2026-09-13T21:20:14.997Z GET /allproducts from ::1
>>> 2026-09-13T21:20:15.074Z GET /allproducts from ::1
>>> 2026-09-13T21:20:15.079Z GET /allproducts from ::1
>>> 2026-09-13T21:20:15.692Z GET /allproducts from ::1
>>> 2026-09-13T21:20:15.729Z GET /allproducts from ::1
>>> 2026-09-13T21:20:19.617Z POST /getcart from ::1
>>> 2026-09-13T21:20:19.657Z GET /user/profile from ::1
>>> 2026-09-13T21:20:19.693Z POST /getcart from ::1
>>> 2026-09-13T21:20:19.695Z GET /userfavorites from ::1
>>> 2026-09-13T21:20:19.696Z GET /userfavorites from ::1
>>> 2026-09-13T21:20:19.737Z GET /user/profile from ::1
>>> 2026-09-13T21:20:19.777Z GET /allproducts from ::1
>>> 2026-09-13T21:20:20.130Z GET /allproducts from ::1
>>> 2026-09-13T21:20:20.171Z GET /allproducts from ::1
>>> 2026-09-13T21:20:20.183Z GET /allproducts from ::1
>>> 2026-09-13T21:20:22.756Z GET /allproducts from ::1
>>> 2026-09-13T21:20:22.939Z GET /admin/orders?limit=30 from ::1
>>> 2026-09-13T21:20:23.936Z POST /getcart from ::1
>>> 2026-09-13T21:20:23.974Z POST /getcart from ::1
>>> 2026-09-13T21:20:23.977Z GET /user/profile from ::1
>>> 2026-09-13T21:20:23.979Z GET /userfavorites from ::1
>>> 2026-09-13T21:20:24.012Z GET /userfavorites from ::1
>>> 2026-09-13T21:20:24.064Z GET /user/profile from ::1
>>> 2026-09-13T21:20:24.103Z GET /allproducts from ::1
>>> 2026-09-13T21:20:24.105Z GET /allproducts from ::1
>>> 2026-09-13T21:20:24.106Z GET /allproducts from ::1
>>> 2026-09-13T21:20:24.363Z GET /allproducts from ::1
>>> 2026-09-13T21:20:26.686Z POST /getcart from ::1
>>> 2026-09-13T21:20:26.727Z POST /getcart from ::1
>>> 2026-09-13T21:20:26.742Z GET /userfavorites from ::1
>>> 2026-09-13T21:20:26.744Z GET /user/profile from ::1
>>> 2026-09-13T21:20:26.813Z GET /allproducts from ::1
>>> 2026-09-13T21:20:26.854Z GET /allproducts from ::1
>>> 2026-09-13T21:20:27.214Z GET /allproducts from ::1
>>> 2026-09-13T21:20:28.384Z POST /getcart from ::1
>>> 2026-09-13T21:20:28.423Z GET /userfavorites from ::1
>>> 2026-09-13T21:20:28.524Z GET /allproducts from ::1
>>> 2026-09-13T21:20:28.525Z GET /orderhistory?page=1&limit=1&status=all from ::1
[OrderHistory] User: 6a24564570942048bfcc7092, Status Filter: all
[OrderHistory] Final Query: {"$or":[{"userId":"6a24564570942048bfcc7092"},{"user":"6a24564570942048bfcc7092"},{"userId":"6a24564570942048bfcc7092"},{"user":"6a24564570942048bfcc7092"}]}
>>> 2026-09-13T21:20:28.527Z GET /user/profile from ::1
>>> 2026-09-13T21:20:28.528Z GET /myreviews from ::1
>>> 2026-09-13T21:20:28.654Z GET /allproducts from ::1
>>> 2026-09-13T21:20:29.440Z POST /getcart from ::1
>>> 2026-09-13T21:20:29.534Z GET /user/profile from ::1
>>> 2026-09-13T21:20:29.537Z GET /allproducts from ::1
>>> 2026-09-13T21:20:29.538Z GET /userfavorites from ::1
>>> 2026-09-13T21:20:29.577Z GET /allproducts from ::1
>>> 2026-09-13T21:20:29.785Z GET /allproducts from ::1
>>> 2026-09-13T21:20:30.414Z POST /getcart from ::1
>>> 2026-09-13T21:20:30.453Z GET /user/profile from ::1
>>> 2026-09-13T21:20:30.490Z GET /userfavorites from ::1
>>> 2026-09-13T21:20:30.492Z GET /userfavorites from ::1
>>> 2026-09-13T21:20:30.493Z POST /getcart from ::1
>>> 2026-09-13T21:20:30.537Z GET /user/profile from ::1
>>> 2026-09-13T21:20:30.746Z GET /allproducts from ::1
>>> 2026-09-13T21:20:30.785Z GET /allproducts from ::1
>>> 2026-09-13T21:20:30.788Z GET /allproducts from ::1
>>> 2026-09-13T21:20:30.789Z GET /allproducts from ::1
>>> 2026-09-13T21:20:31.549Z POST /getcart from ::1
>>> 2026-09-13T21:20:31.589Z GET /userfavorites from ::1
>>> 2026-09-13T21:20:31.592Z GET /user/profile from ::1
>>> 2026-09-13T21:20:31.679Z GET /allproducts from ::1
>>> 2026-09-13T21:20:31.718Z GET /allproducts from ::1
>>> 2026-09-13T21:20:32.714Z POST /getcart from ::1
>>> 2026-09-13T21:20:32.756Z GET /user/profile from ::1
>>> 2026-09-13T21:20:32.790Z GET /userfavorites from ::1
>>> 2026-09-13T21:20:32.793Z POST /getcart from ::1
>>> 2026-09-13T21:20:32.795Z GET /userfavorites from ::1
>>> 2026-09-13T21:20:32.839Z GET /user/profile from ::1
>>> 2026-09-13T21:20:32.879Z GET /allproducts from ::1
>>> 2026-09-13T21:20:33.072Z GET /allproducts from ::1
>>> 2026-09-13T21:20:33.117Z GET /allproducts from ::1
>>> 2026-09-13T21:20:33.119Z GET /allproducts from ::1
>>> 2026-09-13T21:20:33.768Z GET /allproducts from ::1
>>> 2026-09-13T21:20:33.806Z GET /user/profile from ::1
>>> 2026-09-13T21:20:33.809Z GET /userfavorites from ::1
>>> 2026-09-13T21:20:33.811Z POST /getcart from ::1
>>> 2026-09-13T21:20:34.124Z GET /allproducts from ::1
>>> 2026-09-13T21:20:34.164Z GET /allproducts from ::1
>>> 2026-09-13T21:21:22.756Z GET /allproducts from ::1
>>> 2026-09-13T21:21:22.968Z GET /admin/orders?limit=30 from ::1
>>> 2026-09-13T21:22:22.755Z GET /allproducts from ::1
>>> 2026-09-13T21:22:22.928Z GET /admin/orders?limit=30 from ::1
>>> 2026-09-13T21:22:27.308Z POST /getcart from ::1
>>> 2026-09-13T21:22:27.313Z GET /user/profile from ::1
>>> 2026-09-13T21:22:27.340Z GET /userfavorites from ::1
>>> 2026-09-13T21:22:27.461Z GET /allproducts from ::1
>>> 2026-09-13T21:22:27.553Z GET /allproducts from ::1
>>> 2026-09-13T21:22:29.859Z POST /getcart from ::1
>>> 2026-09-13T21:22:29.876Z GET /allproducts from ::1
>>> 2026-09-13T21:22:29.908Z GET /userfavorites from ::1
>>> 2026-09-13T21:22:29.910Z GET /user/profile from ::1
>>> 2026-09-13T21:22:30.007Z GET /allproducts from ::1
>>> 2026-09-13T21:22:30.123Z GET /allproducts from ::1
>>> 2026-09-13T21:23:22.756Z GET /allproducts from ::1
>>> 2026-09-13T21:23:22.911Z GET /admin/orders?limit=30 from ::1
>>> 2026-09-13T21:24:11.027Z POST /getcart from ::1
>>> 2026-09-13T21:24:11.058Z GET /allproducts from ::1
>>> 2026-09-13T21:24:11.061Z GET /user/profile from ::1
>>> 2026-09-13T21:24:11.063Z GET /userfavorites from ::1
>>> 2026-09-13T21:24:11.173Z GET /allproducts from ::1
>>> 2026-09-13T21:24:11.339Z GET /allproducts from ::1
>>> 2026-09-13T21:24:11.971Z GET /allproducts from ::1
>>> 2026-09-13T21:24:22.415Z POST /getcart from ::1
>>> 2026-09-13T21:24:22.454Z GET /userfavorites from ::1
>>> 2026-09-13T21:24:22.457Z GET /user/profile from ::1
>>> 2026-09-13T21:24:22.551Z GET /allproducts from ::1
>>> 2026-09-13T21:24:22.591Z GET /allproducts from ::1
>>> 2026-09-13T21:24:22.802Z GET /allproducts from ::1
>>> 2026-09-13T21:24:22.905Z GET /admin/orders?limit=30 from ::1
>>> 2026-09-13T21:24:25.000Z POST /getcart from ::1
>>> 2026-09-13T21:24:25.042Z GET /user/profile from ::1
>>> 2026-09-13T21:24:25.046Z GET /userfavorites from ::1
>>> 2026-09-13T21:24:25.082Z GET /allproducts from ::1
>>> 2026-09-13T21:24:25.142Z GET /allproducts from ::1
>>> 2026-09-13T21:24:25.301Z GET /allproducts from ::1
>>> 2026-09-13T21:24:25.418Z GET /allproducts from ::1
>>> 2026-09-13T21:25:10.840Z POST /getcart from ::1
>>> 2026-09-13T21:25:10.931Z GET /userfavorites from ::1
>>> 2026-09-13T21:25:10.934Z GET /user/profile from ::1
>>> 2026-09-13T21:25:10.940Z GET /allproducts from ::1
>>> 2026-09-13T21:25:10.978Z GET /allproducts from ::1
>>> 2026-09-13T21:25:11.107Z GET /allproducts from ::1
>>> 2026-09-13T21:25:11.903Z POST /getcart from ::1
>>> 2026-09-13T21:25:12.003Z GET /userfavorites from ::1
>>> 2026-09-13T21:25:12.008Z POST /getcart from ::1
>>> 2026-09-13T21:25:12.037Z GET /userfavorites from ::1
>>> 2026-09-13T21:25:12.039Z GET /user/profile from ::1
>>> 2026-09-13T21:25:12.053Z GET /user/profile from ::1
>>> 2026-09-13T21:25:12.133Z GET /allproducts from ::1
>>> 2026-09-13T21:25:12.229Z GET /allproducts from ::1
>>> 2026-09-13T21:25:12.234Z GET /allproducts from ::1
>>> 2026-09-13T21:25:12.234Z GET /allproducts from ::1
>>> 2026-09-13T21:25:22.764Z GET /allproducts from ::1
>>> 2026-09-13T21:25:22.914Z GET /admin/orders?limit=30 from ::1
>>> 2026-09-13T21:25:28.450Z POST /getcart from ::1
>>> 2026-09-13T21:25:28.493Z GET /user/profile from ::1
>>> 2026-09-13T21:25:28.495Z GET /userfavorites from ::1
>>> 2026-09-13T21:25:28.662Z GET /allproducts from ::1
>>> 2026-09-13T21:25:28.707Z GET /allproducts from ::1
>>> 2026-09-13T21:25:29.572Z POST /getcart from ::1
>>> 2026-09-13T21:25:29.621Z GET /userfavorites from ::1
>>> 2026-09-13T21:25:29.625Z POST /getcart from ::1
>>> 2026-09-13T21:25:29.655Z GET /user/profile from ::1
>>> 2026-09-13T21:25:29.658Z GET /userfavorites from ::1
>>> 2026-09-13T21:25:29.698Z GET /user/profile from ::1
>>> 2026-09-13T21:25:29.749Z GET /allproducts from ::1
>>> 2026-09-13T21:25:29.820Z GET /allproducts from ::1
>>> 2026-09-13T21:25:29.821Z GET /allproducts from ::1
>>> 2026-09-13T21:25:29.972Z GET /allproducts from ::1
>>> 2026-09-13T21:25:30.804Z POST /getcart from ::1
>>> 2026-09-13T21:25:30.889Z GET /user/profile from ::1
>>> 2026-09-13T21:25:30.891Z GET /userfavorites from ::1
>>> 2026-09-13T21:25:30.937Z GET /allproducts from ::1
>>> 2026-09-13T21:25:31.400Z POST /getcart from ::1
>>> 2026-09-13T21:25:31.489Z GET /user/profile from ::1
>>> 2026-09-13T21:25:31.491Z GET /allproducts from ::1
>>> 2026-09-13T21:25:31.494Z GET /userfavorites from ::1
>>> 2026-09-13T21:25:31.618Z GET /allproducts from ::1
>>> 2026-09-13T21:25:31.667Z GET /allproducts from ::1
>>> 2026-09-13T21:25:32.260Z POST /getcart from ::1
>>> 2026-09-13T21:25:32.350Z POST /getcart from ::1
>>> 2026-09-13T21:25:32.352Z GET /user/profile from ::1
>>> 2026-09-13T21:25:32.387Z GET /userfavorites from ::1
>>> 2026-09-13T21:25:32.388Z GET /userfavorites from ::1
>>> 2026-09-13T21:25:32.396Z GET /user/profile from ::1
>>> 2026-09-13T21:25:32.473Z GET /allproducts from ::1
>>> 2026-09-13T21:25:32.527Z GET /allproducts from ::1
>>> 2026-09-13T21:25:32.663Z GET /allproducts from ::1
>>> 2026-09-13T21:25:32.706Z GET /allproducts from ::1
>>> 2026-09-13T21:25:42.493Z GET /allproducts from ::1
>>> 2026-09-13T21:25:44.253Z POST /getcart from ::1
>>> 2026-09-13T21:25:44.334Z GET /user/profile from ::1
>>> 2026-09-13T21:25:44.336Z GET /userfavorites from ::1
>>> 2026-09-13T21:25:44.338Z POST /getcart from ::1
>>> 2026-09-13T21:25:44.339Z GET /userfavorites from ::1
>>> 2026-09-13T21:25:44.377Z GET /user/profile from ::1
>>> 2026-09-13T21:25:44.461Z GET /allproducts from ::1
>>> 2026-09-13T21:25:44.552Z GET /allproducts from ::1
>>> 2026-09-13T21:25:44.678Z GET /allproducts from ::1
>>> 2026-09-13T21:25:44.730Z GET /allproducts from ::1
>>> 2026-09-13T21:25:49.459Z POST /getcart from ::1
>>> 2026-09-13T21:25:49.552Z GET /userfavorites from ::1
>>> 2026-09-13T21:25:49.555Z GET /user/profile from ::1
>>> 2026-09-13T21:25:49.563Z GET /allproducts from ::1
>>> 2026-09-13T21:25:49.653Z GET /allproducts from ::1
>>> 2026-09-13T21:25:49.698Z GET /allproducts from ::1
>>> 2026-09-13T21:26:22.698Z GET /allproducts from ::1
>>> 2026-09-13T21:26:22.743Z GET /allproducts from ::1
>>> 2026-09-13T21:26:22.754Z GET /allproducts from ::1
>>> 2026-09-13T21:26:22.923Z GET /admin/orders?limit=30 from ::1
>>> 2026-09-13T21:26:24.405Z POST /getcart from ::1
>>> 2026-09-13T21:26:24.450Z GET /user/profile from ::1
>>> 2026-09-13T21:26:24.485Z POST /getcart from ::1
>>> 2026-09-13T21:26:24.488Z GET /userfavorites from ::1
>>> 2026-09-13T21:26:24.490Z GET /userfavorites from ::1
>>> 2026-09-13T21:26:24.539Z GET /user/profile from ::1
>>> 2026-09-13T21:26:24.854Z GET /allproducts from ::1
>>> 2026-09-13T21:26:24.944Z GET /allproducts from ::1
>>> 2026-09-13T21:26:25.049Z GET /allproducts from ::1
>>> 2026-09-13T21:26:25.053Z GET /allproducts from ::1
>>> 2026-09-13T21:26:26.322Z POST /getcart from ::1
>>> 2026-09-13T21:26:26.420Z POST /getcart from ::1
>>> 2026-09-13T21:26:26.425Z GET /user/profile from ::1
>>> 2026-09-13T21:26:26.455Z GET /userfavorites from ::1
>>> 2026-09-13T21:26:26.458Z GET /userfavorites from ::1
>>> 2026-09-13T21:26:26.465Z GET /user/profile from ::1
>>> 2026-09-13T21:26:26.547Z GET /allproducts from ::1
>>> 2026-09-13T21:26:26.634Z GET /allproducts from ::1
>>> 2026-09-13T21:26:26.756Z GET /allproducts from ::1
>>> 2026-09-13T21:26:26.804Z GET /allproducts from ::1
>>> 2026-09-13T21:26:27.259Z GET /allproducts from ::1
>>> 2026-09-13T21:26:27.301Z GET /allproducts from ::1
>>> 2026-09-13T21:26:28.458Z POST /getcart from ::1
>>> 2026-09-13T21:26:28.516Z POST /getcart from ::1
>>> 2026-09-13T21:26:28.551Z GET /userfavorites from ::1
>>> 2026-09-13T21:26:28.553Z GET /user/profile from ::1
>>> 2026-09-13T21:26:28.555Z GET /userfavorites from ::1
>>> 2026-09-13T21:26:28.589Z GET /user/profile from ::1
>>> 2026-09-13T21:26:28.643Z GET /allproducts from ::1
>>> 2026-09-13T21:26:28.709Z GET /allproducts from ::1
>>> 2026-09-13T21:26:28.711Z GET /allproducts from ::1
>>> 2026-09-13T21:26:28.712Z GET /allproducts from ::1
>>> 2026-09-13T21:26:29.619Z GET /allproducts from ::1
>>> 2026-09-13T21:26:30.329Z POST /getcart from ::1
>>> 2026-09-13T21:26:30.376Z GET /userfavorites from ::1
>>> 2026-09-13T21:26:30.381Z GET /userfavorites from ::1
>>> 2026-09-13T21:26:30.413Z GET /user/profile from ::1
>>> 2026-09-13T21:26:30.416Z POST /getcart from ::1
>>> 2026-09-13T21:26:30.462Z GET /user/profile from ::1
>>> 2026-09-13T21:26:30.508Z GET /allproducts from ::1
>>> 2026-09-13T21:26:30.591Z GET /allproducts from ::1
>>> 2026-09-13T21:26:30.593Z GET /allproducts from ::1
>>> 2026-09-13T21:26:30.595Z GET /allproducts from ::1
>>> 2026-09-13T21:26:33.166Z GET /allproducts from ::1
>>> 2026-09-13T21:26:33.210Z GET /allproducts from ::1
>>> 2026-09-13T21:26:34.725Z POST /getcart from ::1
>>> 2026-09-13T21:26:34.771Z POST /getcart from ::1
>>> 2026-09-13T21:26:34.807Z GET /userfavorites from ::1
>>> 2026-09-13T21:26:34.809Z GET /userfavorites from ::1
>>> 2026-09-13T21:26:34.811Z GET /user/profile from ::1
>>> 2026-09-13T21:26:34.855Z GET /user/profile from ::1
>>> 2026-09-13T21:26:34.926Z GET /allproducts from ::1
>>> 2026-09-13T21:26:34.983Z GET /allproducts from ::1
>>> 2026-09-13T21:26:34.984Z GET /allproducts from ::1
>>> 2026-09-13T21:26:35.456Z GET /allproducts from ::1
>>> 2026-09-13T21:26:37.418Z POST /getcart from ::1
>>> 2026-09-13T21:26:37.463Z GET /userfavorites from ::1
>>> 2026-09-13T21:26:37.499Z GET /userfavorites from ::1
>>> 2026-09-13T21:26:37.502Z POST /getcart from ::1
>>> 2026-09-13T21:26:37.503Z GET /user/profile from ::1
>>> 2026-09-13T21:26:37.546Z GET /user/profile from ::1
>>> 2026-09-13T21:26:37.606Z GET /allproducts from ::1
>>> 2026-09-13T21:26:37.682Z GET /userfavorites from ::1
>>> 2026-09-13T21:26:37.687Z POST /getcart from ::1
>>> 2026-09-13T21:26:37.688Z GET /allproducts from ::1
>>> 2026-09-13T21:26:37.781Z GET /user/profile from ::1
>>> 2026-09-13T21:26:37.828Z GET /allproducts from ::1
>>> 2026-09-13T21:26:37.831Z GET /allproducts from ::1
>>> 2026-09-13T21:26:38.187Z GET /allproducts from ::1
>>> 2026-09-13T21:26:38.284Z GET /allproducts from ::1
>>> 2026-09-13T21:26:38.785Z GET /allproducts from ::1
>>> 2026-09-13T21:26:38.831Z GET /allproducts from ::1
>>> 2026-09-13T21:26:40.336Z POST /getcart from ::1
>>> 2026-09-13T21:26:40.387Z GET /userfavorites from ::1
>>> 2026-09-13T21:26:40.405Z GET /user/profile from ::1
>>> 2026-09-13T21:26:40.408Z POST /getcart from ::1
>>> 2026-09-13T21:26:40.409Z GET /userfavorites from ::1
>>> 2026-09-13T21:26:40.467Z GET /user/profile from ::1
>>> 2026-09-13T21:26:40.531Z GET /allproducts from ::1
>>> 2026-09-13T21:26:40.601Z GET /allproducts from ::1
>>> 2026-09-13T21:26:40.605Z GET /allproducts from ::1
>>> 2026-09-13T21:26:40.606Z GET /allproducts from ::1
>>> 2026-09-13T21:26:42.525Z GET /userfavorites from ::1
>>> 2026-09-13T21:26:42.566Z POST /getcart from ::1
>>> 2026-09-13T21:26:42.601Z POST /getcart from ::1
>>> 2026-09-13T21:26:42.604Z GET /user/profile from ::1
>>> 2026-09-13T21:26:42.605Z GET /userfavorites from ::1
>>> 2026-09-13T21:26:42.647Z GET /user/profile from ::1
>>> 2026-09-13T21:26:42.690Z GET /allproducts from ::1
>>> 2026-09-13T21:26:42.762Z GET /allproducts from ::1
>>> 2026-09-13T21:26:42.763Z GET /allproducts from ::1
>>> 2026-09-13T21:26:43.206Z GET /allproducts from ::1
>>> 2026-09-13T21:26:43.647Z GET /allproducts from ::1
>>> 2026-09-13T21:26:43.692Z GET /allproducts from ::1
>>> 2026-09-13T21:26:44.929Z POST /getcart from ::1
>>> 2026-09-13T21:26:44.976Z POST /getcart from ::1
>>> 2026-09-13T21:26:45.006Z GET /userfavorites from ::1
>>> 2026-09-13T21:26:45.009Z GET /user/profile from ::1
>>> 2026-09-13T21:26:45.011Z GET /userfavorites from ::1
>>> 2026-09-13T21:26:45.055Z GET /user/profile from ::1
>>> 2026-09-13T21:26:45.127Z GET /allproducts from ::1
>>> 2026-09-13T21:26:45.180Z GET /allproducts from ::1
>>> 2026-09-13T21:26:45.181Z GET /allproducts from ::1
>>> 2026-09-13T21:26:45.183Z GET /allproducts from ::1
>>> 2026-09-13T21:26:47.578Z POST /getcart from ::1
>>> 2026-09-13T21:26:47.623Z GET /userfavorites from ::1
>>> 2026-09-13T21:26:47.629Z GET /user/profile from ::1
>>> 2026-09-13T21:26:47.661Z POST /getcart from ::1
>>> 2026-09-13T21:26:47.663Z GET /userfavorites from ::1
>>> 2026-09-13T21:26:47.704Z GET /user/profile from ::1
>>> 2026-09-13T21:26:47.749Z GET /allproducts from ::1
>>> 2026-09-13T21:26:48.029Z GET /allproducts from ::1
>>> 2026-09-13T21:26:48.033Z GET /allproducts from ::1
>>> 2026-09-13T21:26:48.065Z GET /allproducts from ::1
>>> 2026-09-13T21:27:22.754Z GET /allproducts from ::1
>>> 2026-09-13T21:27:23.000Z GET /admin/orders?limit=30 from ::1
>>> 2026-09-13T21:27:25.046Z GET /user/profile from ::1
>>> 2026-09-13T21:27:25.050Z POST /getcart from ::1
>>> 2026-09-13T21:27:25.052Z GET /userfavorites from ::1
>>> 2026-09-13T21:27:25.063Z GET /allproducts from ::1
>>> 2026-09-13T21:27:25.175Z GET /allproducts from ::1
>>> 2026-09-13T21:27:25.302Z GET /allproducts from ::1
>>> 2026-09-13T21:27:30.715Z GET /allproducts from ::1
>>> 2026-09-13T21:27:35.370Z GET /allproducts from ::1
>>> 2026-09-13T21:27:39.445Z GET /allproducts from ::1
>>> 2026-09-13T21:27:47.648Z POST /getcart from ::1
>>> 2026-09-13T21:27:47.721Z GET /user/profile from ::1
>>> 2026-09-13T21:27:47.723Z GET /myreviews from ::1
>>> 2026-09-13T21:27:47.725Z GET /userfavorites from ::1
>>> 2026-09-13T21:27:47.726Z GET /orderhistory?page=1&limit=1&status=all from ::1
[OrderHistory] User: 6a24564570942048bfcc7092, Status Filter: all
[OrderHistory] Final Query: {"$or":[{"userId":"6a24564570942048bfcc7092"},{"user":"6a24564570942048bfcc7092"},{"userId":"6a24564570942048bfcc7092"},{"user":"6a24564570942048bfcc7092"}]}
>>> 2026-09-13T21:27:47.788Z GET /allproducts from ::1
>>> 2026-09-13T21:27:48.034Z GET /allproducts from ::1
>>> 2026-09-13T21:27:52.337Z GET /getsavedaddresses from ::1
>>> 2026-09-13T21:27:55.079Z GET /orderhistory?page=1&limit=1&status=all from ::1
[OrderHistory] User: 6a24564570942048bfcc7092, Status Filter: all
[OrderHistory] Final Query: {"$or":[{"userId":"6a24564570942048bfcc7092"},{"user":"6a24564570942048bfcc7092"},{"userId":"6a24564570942048bfcc7092"},{"user":"6a24564570942048bfcc7092"}]}
>>> 2026-09-13T21:27:55.123Z GET /myreviews from ::1
>>> 2026-09-13T21:27:56.938Z GET /my-vouchers from ::1
>>> 2026-09-13T21:27:59.608Z GET /orderhistory?page=1&limit=1&status=all from ::1
[OrderHistory] User: 6a24564570942048bfcc7092, Status Filter: all
[OrderHistory] Final Query: {"$or":[{"userId":"6a24564570942048bfcc7092"},{"user":"6a24564570942048bfcc7092"},{"userId":"6a24564570942048bfcc7092"},{"user":"6a24564570942048bfcc7092"}]}
>>> 2026-09-13T21:27:59.650Z GET /myreviews from ::1
>>> 2026-09-13T21:28:04.173Z POST /getcart from ::1
>>> 2026-09-13T21:28:04.214Z GET /userfavorites from ::1
>>> 2026-09-13T21:28:04.223Z POST /getcart from ::1
>>> 2026-09-13T21:28:04.249Z GET /user/profile from ::1
>>> 2026-09-13T21:28:04.309Z GET /allproducts from ::1
>>> 2026-09-13T21:28:04.353Z GET /allproducts from ::1
>>> 2026-09-13T21:28:04.428Z GET /allproducts from ::1
>>> 2026-09-13T21:28:08.172Z POST /getcart from ::1
>>> 2026-09-13T21:28:08.206Z GET /userfavorites from ::1
>>> 2026-09-13T21:28:08.306Z GET /allproducts from ::1
>>> 2026-09-13T21:28:08.345Z GET /allproducts from ::1
>>> 2026-09-13T21:28:10.195Z POST /getcart from ::1
>>> 2026-09-13T21:28:10.228Z GET /userfavorites from ::1
>>> 2026-09-13T21:28:10.314Z GET /allproducts from ::1
>>> 2026-09-13T21:28:10.354Z GET /allproducts from ::1
>>> 2026-09-13T21:28:12.885Z POST /getcart from ::1
>>> 2026-09-13T21:28:12.920Z GET /userfavorites from ::1
>>> 2026-09-13T21:28:13.021Z GET /allproducts from ::1
>>> 2026-09-13T21:28:13.121Z GET /allproducts from ::1
>>> 2026-09-13T21:28:13.808Z POST /getcart from ::1
>>> 2026-09-13T21:28:13.847Z GET /userfavorites from ::1
>>> 2026-09-13T21:28:13.852Z GET /user/profile from ::1
>>> 2026-09-13T21:28:14.097Z GET /allproducts from ::1
>>> 2026-09-13T21:28:14.140Z GET /allproducts from ::1
>>> 2026-09-13T21:28:22.750Z GET /allproducts from ::1
>>> 2026-09-13T21:28:22.936Z GET /admin/orders?limit=30 from ::1
>>> 2026-09-13T21:28:32.323Z POST /getcart from ::1
>>> 2026-09-13T21:28:32.362Z GET /userfavorites from ::1
>>> 2026-09-13T21:28:32.364Z POST /getcart from ::1
>>> 2026-09-13T21:28:32.366Z GET /user/profile from ::1
>>> 2026-09-13T21:28:32.367Z GET /userfavorites from ::1
>>> 2026-09-13T21:28:32.462Z GET /user/profile from ::1
>>> 2026-09-13T21:28:32.497Z GET /allproducts from ::1
>>> 2026-09-13T21:28:32.505Z GET /allproducts from ::1
>>> 2026-09-13T21:28:32.506Z GET /allproducts from ::1
>>> 2026-09-13T21:28:32.507Z GET /allproducts from ::1
>>> 2026-09-13T21:28:36.663Z POST /getcart from ::1
>>> 2026-09-13T21:28:36.703Z GET /userfavorites from ::1
>>> 2026-09-13T21:28:36.738Z GET /allproducts from ::1
>>> 2026-09-13T21:28:36.740Z GET /user/profile from ::1
>>> 2026-09-13T21:28:36.785Z GET /allproducts from ::1
>>> 2026-09-13T21:28:36.828Z GET /allproducts from ::1
>>> 2026-09-13T21:28:39.543Z GET /allproducts from ::1
>>> 2026-09-13T21:28:39.582Z GET /allproducts from ::1
>>> 2026-09-13T21:28:41.104Z POST /getcart from ::1
>>> 2026-09-13T21:28:41.146Z GET /userfavorites from ::1
>>> 2026-09-13T21:28:41.189Z GET /user/profile from ::1
>>> 2026-09-13T21:28:41.191Z POST /getcart from ::1
>>> 2026-09-13T21:28:41.194Z GET /userfavorites from ::1
>>> 2026-09-13T21:28:41.231Z GET /user/profile from ::1
>>> 2026-09-13T21:28:41.271Z GET /allproducts from ::1
>>> 2026-09-13T21:28:41.311Z GET /allproducts from ::1
>>> 2026-09-13T21:28:41.346Z GET /allproducts from ::1
>>> 2026-09-13T21:28:41.347Z GET /allproducts from ::1
>>> 2026-09-13T21:28:45.752Z POST /getcart from ::1
>>> 2026-09-13T21:28:45.788Z GET /userfavorites from ::1
>>> 2026-09-13T21:28:45.791Z GET /allproducts from ::1
>>> 2026-09-13T21:28:45.985Z GET /allproducts from ::1
>>> 2026-09-13T21:28:46.028Z GET /allproducts from ::1
>>> 2026-09-13T21:28:48.609Z POST /getcart from ::1
>>> 2026-09-13T21:28:48.651Z GET /userfavorites from ::1
>>> 2026-09-13T21:28:48.655Z GET /allproducts from ::1
>>> 2026-09-13T21:28:49.175Z POST /getcart from ::1
>>> 2026-09-13T21:28:49.215Z GET /userfavorites from ::1
>>> 2026-09-13T21:28:49.218Z GET /userfavorites from ::1
>>> 2026-09-13T21:28:49.250Z GET /user/profile from ::1
>>> 2026-09-13T21:28:49.254Z POST /getcart from ::1
>>> 2026-09-13T21:28:49.292Z GET /user/profile from ::1
>>> 2026-09-13T21:28:49.330Z GET /allproducts from ::1
>>> 2026-09-13T21:28:49.437Z GET /allproducts from ::1
>>> 2026-09-13T21:28:49.495Z GET /allproducts from ::1
>>> 2026-09-13T21:28:49.501Z GET /allproducts from ::1
>>> 2026-09-13T21:28:49.502Z GET /allproducts from ::1
>>> 2026-09-13T21:28:49.605Z GET /allproducts from ::1
>>> 2026-09-13T21:28:50.970Z GET /allproducts from ::1
>>> 2026-09-13T21:28:51.052Z GET /allproducts from ::1
>>> 2026-09-13T21:28:54.651Z POST /getcart from ::1
>>> 2026-09-13T21:28:54.685Z GET /userfavorites from ::1
>>> 2026-09-13T21:28:54.691Z GET /allproducts from ::1
>>> 2026-09-13T21:28:54.871Z GET /allproducts from ::1
>>> 2026-09-13T21:28:54.910Z GET /allproducts from ::1
>>> 2026-09-13T21:28:57.475Z POST /getcart from ::1
>>> 2026-09-13T21:28:57.513Z POST /getcart from ::1
>>> 2026-09-13T21:28:57.516Z GET /userfavorites from ::1
>>> 2026-09-13T21:28:57.549Z GET /userfavorites from ::1
>>> 2026-09-13T21:28:57.552Z GET /user/profile from ::1
>>> 2026-09-13T21:28:57.591Z GET /user/profile from ::1
>>> 2026-09-13T21:28:57.661Z GET /allproducts from ::1
>>> 2026-09-13T21:28:57.662Z GET /allproducts from ::1
>>> 2026-09-13T21:28:57.700Z GET /allproducts from ::1
>>> 2026-09-13T21:28:57.702Z GET /allproducts from ::1
>>> 2026-09-13T21:29:00.227Z GET /allproducts from ::1
>>> 2026-09-13T21:29:00.254Z GET /allproducts from ::1
>>> 2026-09-13T21:29:05.349Z POST /getcart from ::1
>>> 2026-09-13T21:29:05.385Z GET /userfavorites from ::1
>>> 2026-09-13T21:29:05.393Z GET /user/profile from ::1
>>> 2026-09-13T21:29:05.395Z POST /getcart from ::1
>>> 2026-09-13T21:29:05.422Z GET /userfavorites from ::1
>>> 2026-09-13T21:29:05.477Z GET /user/profile from ::1
>>> 2026-09-13T21:29:05.513Z GET /allproducts from ::1
>>> 2026-09-13T21:29:05.515Z GET /allproducts from ::1
>>> 2026-09-13T21:29:05.525Z GET /allproducts from ::1
>>> 2026-09-13T21:29:05.923Z GET /allproducts from ::1
>>> 2026-09-13T21:29:06.969Z GET /allproducts from ::1
>>> 2026-09-13T21:29:07.005Z GET /allproducts from ::1
>>> 2026-09-13T21:29:10.185Z POST /getcart from ::1
>>> 2026-09-13T21:29:10.218Z POST /getcart from ::1
>>> 2026-09-13T21:29:10.221Z GET /userfavorites from ::1
>>> 2026-09-13T21:29:10.278Z GET /userfavorites from ::1
>>> 2026-09-13T21:29:10.280Z GET /user/profile from ::1
>>> 2026-09-13T21:29:10.301Z GET /user/profile from ::1
>>> 2026-09-13T21:29:10.337Z GET /allproducts from ::1
>>> 2026-09-13T21:29:10.392Z GET /allproducts from ::1
>>> 2026-09-13T21:29:10.455Z GET /allproducts from ::1
>>> 2026-09-13T21:29:10.465Z GET /allproducts from ::1
>>> 2026-09-13T21:29:11.882Z GET /allproducts from ::1
>>> 2026-09-13T21:29:11.917Z GET /allproducts from ::1
>>> 2026-09-13T21:29:16.075Z POST /getcart from ::1
>>> 2026-09-13T21:29:16.107Z GET /user/profile from ::1
>>> 2026-09-13T21:29:16.116Z GET /userfavorites from ::1
>>> 2026-09-13T21:29:16.119Z GET /userfavorites from ::1
>>> 2026-09-13T21:29:16.120Z POST /getcart from ::1
>>> 2026-09-13T21:29:16.195Z GET /user/profile from ::1
>>> 2026-09-13T21:29:16.227Z GET /allproducts from ::1
>>> 2026-09-13T21:29:16.520Z GET /allproducts from ::1
>>> 2026-09-13T21:29:16.524Z GET /allproducts from ::1
>>> 2026-09-13T21:29:16.606Z GET /allproducts from ::1
>>> 2026-09-13T21:29:18.377Z GET /allproducts from ::1
>>> 2026-09-13T21:29:18.409Z GET /allproducts from ::1
>>> 2026-09-13T21:29:20.515Z POST /getcart from ::1
>>> 2026-09-13T21:29:20.555Z GET /userfavorites from ::1
>>> 2026-09-13T21:29:20.558Z GET /orderhistory?page=1&limit=1&status=all from ::1
[OrderHistory] User: 6a24564570942048bfcc7092, Status Filter: all
[OrderHistory] Final Query: {"$or":[{"userId":"6a24564570942048bfcc7092"},{"user":"6a24564570942048bfcc7092"},{"userId":"6a24564570942048bfcc7092"},{"user":"6a24564570942048bfcc7092"}]}
>>> 2026-09-13T21:29:20.560Z GET /myreviews from ::1
>>> 2026-09-13T21:29:20.561Z GET /user/profile from ::1
>>> 2026-09-13T21:29:20.631Z GET /allproducts from ::1
>>> 2026-09-13T21:29:20.672Z GET /allproducts from ::1
>>> 2026-09-13T21:29:22.755Z GET /allproducts from ::1
>>> 2026-09-13T21:29:22.940Z GET /admin/orders?limit=30 from ::1
>>> 2026-09-13T21:29:26.110Z POST /getcart from ::1
>>> 2026-09-13T21:29:26.208Z GET /user/profile from ::1
>>> 2026-09-13T21:29:26.213Z POST /getcart from ::1
>>> 2026-09-13T21:29:26.241Z GET /userfavorites from ::1
>>> 2026-09-13T21:29:26.244Z GET /allproducts from ::1
>>> 2026-09-13T21:29:26.324Z GET /allproducts from ::1
>>> 2026-09-13T21:29:26.958Z POST /getcart from ::1
>>> 2026-09-13T21:29:26.991Z GET /orderhistory?page=1&limit=1&status=all from ::1
[OrderHistory] User: 6a24564570942048bfcc7092, Status Filter: all
[OrderHistory] Final Query: {"$or":[{"userId":"6a24564570942048bfcc7092"},{"user":"6a24564570942048bfcc7092"},{"userId":"6a24564570942048bfcc7092"},{"user":"6a24564570942048bfcc7092"}]}
>>> 2026-09-13T21:29:26.999Z GET /userfavorites from ::1
>>> 2026-09-13T21:29:27.002Z GET /user/profile from ::1
>>> 2026-09-13T21:29:27.004Z GET /myreviews from ::1
>>> 2026-09-13T21:29:27.077Z GET /allproducts from ::1
>>> 2026-09-13T21:29:27.362Z GET /allproducts from ::1
>>> 2026-09-13T21:29:27.446Z GET /allproducts from ::1
>>> 2026-09-13T21:29:36.884Z GET /myreviews from ::1
>>> 2026-09-13T21:29:36.915Z GET /orderhistory?page=1&limit=1&status=all from ::1
[OrderHistory] User: 6a24564570942048bfcc7092, Status Filter: all
[OrderHistory] Final Query: {"$or":[{"userId":"6a24564570942048bfcc7092"},{"user":"6a24564570942048bfcc7092"},{"userId":"6a24564570942048bfcc7092"},{"user":"6a24564570942048bfcc7092"}]}
>>> 2026-09-13T21:29:38.728Z GET /myreviews from ::1
>>> 2026-09-13T21:29:38.762Z GET /orderhistory?page=1&limit=1&status=all from ::1
[OrderHistory] User: 6a24564570942048bfcc7092, Status Filter: all
[OrderHistory] Final Query: {"$or":[{"userId":"6a24564570942048bfcc7092"},{"user":"6a24564570942048bfcc7092"},{"userId":"6a24564570942048bfcc7092"},{"user":"6a24564570942048bfcc7092"}]}
>>> 2026-09-13T21:29:41.448Z GET /myreviews from ::1
>>> 2026-09-13T21:29:41.480Z GET /orderhistory?page=1&limit=1&status=all from ::1
[OrderHistory] User: 6a24564570942048bfcc7092, Status Filter: all
[OrderHistory] Final Query: {"$or":[{"userId":"6a24564570942048bfcc7092"},{"user":"6a24564570942048bfcc7092"},{"userId":"6a24564570942048bfcc7092"},{"user":"6a24564570942048bfcc7092"}]}
>>> 2026-09-13T21:29:44.511Z GET /orderhistory?page=1&limit=1&status=all from ::1
[OrderHistory] User: 6a24564570942048bfcc7092, Status Filter: all
[OrderHistory] Final Query: {"$or":[{"userId":"6a24564570942048bfcc7092"},{"user":"6a24564570942048bfcc7092"},{"userId":"6a24564570942048bfcc7092"},{"user":"6a24564570942048bfcc7092"}]}
>>> 2026-09-13T21:29:44.543Z GET /myreviews from ::1
>>> 2026-09-13T21:29:50.833Z GET /orderhistory?page=1&limit=1&status=all from ::1
[OrderHistory] User: 6a24564570942048bfcc7092, Status Filter: all
[OrderHistory] Final Query: {"$or":[{"userId":"6a24564570942048bfcc7092"},{"user":"6a24564570942048bfcc7092"},{"userId":"6a24564570942048bfcc7092"},{"user":"6a24564570942048bfcc7092"}]}
>>> 2026-09-13T21:29:50.858Z GET /myreviews from ::1
>>> 2026-09-13T21:30:00.662Z POST /chatbot from ::1
>>> 2026-09-13T21:30:22.765Z GET /allproducts from ::1
>>> 2026-09-13T21:30:22.943Z GET /admin/orders?limit=30 from ::1
>>> 2026-09-13T21:30:50.952Z POST /getcart from ::1
>>> 2026-09-13T21:30:50.983Z GET /userfavorites from ::1
>>> 2026-09-13T21:30:50.985Z GET /user/profile from ::1
>>> 2026-09-13T21:30:50.986Z POST /getcart from ::1
>>> 2026-09-13T21:30:50.988Z GET /userfavorites from ::1
>>> 2026-09-13T21:30:51.068Z GET /user/profile from ::1
>>> 2026-09-13T21:30:51.102Z GET /allproducts from ::1
>>> 2026-09-13T21:30:51.183Z GET /allproducts from ::1
>>> 2026-09-13T21:30:51.184Z GET /allproducts from ::1
>>> 2026-09-13T21:30:51.528Z GET /allproducts from ::1
>>> 2026-09-13T21:30:52.072Z POST /getcart from ::1
>>> 2026-09-13T21:30:52.104Z GET /user/profile from ::1
>>> 2026-09-13T21:30:52.107Z GET /userfavorites from ::1
>>> 2026-09-13T21:30:52.376Z POST /getcart from ::1
>>> 2026-09-13T21:30:52.408Z GET /userfavorites from ::1
>>> 2026-09-13T21:30:52.418Z GET /user/profile from ::1
>>> 2026-09-13T21:30:52.448Z GET /allproducts from ::1
>>> 2026-09-13T21:30:52.449Z GET /allproducts from ::1
>>> 2026-09-13T21:30:52.703Z GET /allproducts from ::1
>>> 2026-09-13T21:30:52.779Z GET /allproducts from ::1
>>> 2026-09-13T21:30:53.614Z POST /getcart from ::1
>>> 2026-09-13T21:30:53.648Z GET /user/profile from ::1
>>> 2026-09-13T21:30:53.651Z POST /getcart from ::1
>>> 2026-09-13T21:30:53.652Z GET /userfavorites from ::1
>>> 2026-09-13T21:30:53.732Z GET /allproducts from ::1
>>> 2026-09-13T21:30:53.765Z GET /allproducts from ::1
>>> 2026-09-13T21:30:54.323Z POST /getcart from ::1
>>> 2026-09-13T21:30:54.360Z GET /user/profile from ::1
>>> 2026-09-13T21:30:54.364Z GET /myreviews from ::1
>>> 2026-09-13T21:30:54.366Z GET /userfavorites from ::1
>>> 2026-09-13T21:30:54.368Z GET /orderhistory?page=1&limit=1&status=all from ::1
[OrderHistory] User: 6a24564570942048bfcc7092, Status Filter: all
[OrderHistory] Final Query: {"$or":[{"userId":"6a24564570942048bfcc7092"},{"user":"6a24564570942048bfcc7092"},{"userId":"6a24564570942048bfcc7092"},{"user":"6a24564570942048bfcc7092"}]}
>>> 2026-09-13T21:30:54.434Z GET /allproducts from ::1
>>> 2026-09-13T21:30:54.806Z GET /allproducts from ::1
>>> 2026-09-13T21:30:54.889Z GET /allproducts from ::1
>>> 2026-09-13T21:31:04.400Z POST /getcart from ::1
>>> 2026-09-13T21:31:04.421Z GET /userfavorites from ::1
>>> 2026-09-13T21:31:04.423Z POST /getcart from ::1
>>> 2026-09-13T21:31:04.453Z GET /user/profile from ::1
>>> 2026-09-13T21:31:04.540Z GET /allproducts from ::1
>>> 2026-09-13T21:31:04.597Z GET /allproducts from ::1
>>> 2026-09-13T21:31:04.714Z GET /allproducts from ::1
>>> 2026-09-13T21:31:05.258Z POST /getcart from ::1
>>> 2026-09-13T21:31:05.313Z GET /user/profile from ::1
>>> 2026-09-13T21:31:05.324Z GET /orderhistory?page=1&limit=1&status=all from ::1
[OrderHistory] User: 6a24564570942048bfcc7092, Status Filter: all
[OrderHistory] Final Query: {"$or":[{"userId":"6a24564570942048bfcc7092"},{"user":"6a24564570942048bfcc7092"},{"userId":"6a24564570942048bfcc7092"},{"user":"6a24564570942048bfcc7092"}]}
>>> 2026-09-13T21:31:05.327Z GET /myreviews from ::1
>>> 2026-09-13T21:31:05.328Z GET /userfavorites from ::1
>>> 2026-09-13T21:31:05.662Z GET /allproducts from ::1
>>> 2026-09-13T21:31:05.761Z GET /allproducts from ::1
>>> 2026-09-13T21:31:06.096Z POST /getcart from ::1
>>> 2026-09-13T21:31:06.146Z GET /userfavorites from ::1
>>> 2026-09-13T21:31:06.152Z GET /user/profile from ::1
>>> 2026-09-13T21:31:06.154Z POST /getcart from ::1
>>> 2026-09-13T21:31:06.442Z GET /allproducts from ::1
>>> 2026-09-13T21:31:06.495Z GET /allproducts from ::1
>>> 2026-09-13T21:31:06.551Z GET /allproducts from ::1
>>> 2026-09-13T21:31:07.587Z POST /getcart from ::1
>>> 2026-09-13T21:31:07.618Z GET /myreviews from ::1
>>> 2026-09-13T21:31:07.635Z GET /userfavorites from ::1
>>> 2026-09-13T21:31:07.636Z GET /orderhistory?page=1&limit=1&status=all from ::1
[OrderHistory] User: 6a24564570942048bfcc7092, Status Filter: all
[OrderHistory] Final Query: {"$or":[{"userId":"6a24564570942048bfcc7092"},{"user":"6a24564570942048bfcc7092"},{"userId":"6a24564570942048bfcc7092"},{"user":"6a24564570942048bfcc7092"}]}
>>> 2026-09-13T21:31:07.638Z GET /user/profile from ::1
>>> 2026-09-13T21:31:07.839Z POST /getcart from ::1
>>> 2026-09-13T21:31:07.870Z GET /user/profile from ::1
>>> 2026-09-13T21:31:07.882Z GET /userfavorites from ::1
>>> 2026-09-13T21:31:07.883Z GET /userfavorites from ::1
>>> 2026-09-13T21:31:07.884Z POST /getcart from ::1
>>> 2026-09-13T21:31:07.959Z GET /user/profile from ::1
>>> 2026-09-13T21:31:08.002Z GET /allproducts from ::1
>>> 2026-09-13T21:31:08.004Z GET /allproducts from ::1
>>> 2026-09-13T21:31:08.175Z GET /allproducts from ::1
>>> 2026-09-13T21:31:08.198Z GET /allproducts from ::1
>>> 2026-09-13T21:31:08.199Z GET /allproducts from ::1
>>> 2026-09-13T21:31:08.292Z GET /allproducts from ::1
>>> 2026-09-13T21:31:08.902Z POST /getcart from ::1
>>> 2026-09-13T21:31:08.991Z GET /orderhistory?page=1&limit=1&status=all from ::1
[OrderHistory] User: 6a24564570942048bfcc7092, Status Filter: all
[OrderHistory] Final Query: {"$or":[{"userId":"6a24564570942048bfcc7092"},{"user":"6a24564570942048bfcc7092"},{"userId":"6a24564570942048bfcc7092"},{"user":"6a24564570942048bfcc7092"}]}
>>> 2026-09-13T21:31:08.993Z GET /myreviews from ::1
>>> 2026-09-13T21:31:08.995Z GET /user/profile from ::1
>>> 2026-09-13T21:31:08.996Z GET /userfavorites from ::1
>>> 2026-09-13T21:31:09.059Z GET /allproducts from ::1
>>> 2026-09-13T21:31:09.319Z GET /allproducts from ::1
>>> 2026-09-13T21:31:11.638Z POST /getcart from ::1
>>> 2026-09-13T21:31:11.670Z GET /user/profile from ::1
>>> 2026-09-13T21:31:11.870Z GET /userfavorites from ::1
>>> 2026-09-13T21:31:11.951Z GET /allproducts from ::1
>>> 2026-09-13T21:31:12.614Z POST /getcart from ::1
>>> 2026-09-13T21:31:12.688Z GET /userfavorites from ::1
>>> 2026-09-13T21:31:12.691Z GET /userfavorites from ::1
>>> 2026-09-13T21:31:12.692Z POST /getcart from ::1
>>> 2026-09-13T21:31:12.725Z GET /user/profile from ::1
>>> 2026-09-13T21:31:12.728Z GET /user/profile from ::1
>>> 2026-09-13T21:31:12.795Z GET /allproducts from ::1
>>> 2026-09-13T21:31:12.894Z GET /allproducts from ::1
>>> 2026-09-13T21:31:12.970Z GET /allproducts from ::1
>>> 2026-09-13T21:31:12.974Z GET /allproducts from ::1
>>> 2026-09-13T21:31:12.974Z GET /allproducts from ::1
>>> 2026-09-13T21:31:13.354Z POST /getcart from ::1
>>> 2026-09-13T21:31:13.489Z GET /myreviews from ::1
>>> 2026-09-13T21:31:13.495Z GET /orderhistory?page=1&limit=1&status=all from ::1
[OrderHistory] User: 6a24564570942048bfcc7092, Status Filter: all
[OrderHistory] Final Query: {"$or":[{"userId":"6a24564570942048bfcc7092"},{"user":"6a24564570942048bfcc7092"},{"userId":"6a24564570942048bfcc7092"},{"user":"6a24564570942048bfcc7092"}]}
>>> 2026-09-13T21:31:13.497Z GET /user/profile from ::1
>>> 2026-09-13T21:31:13.498Z GET /userfavorites from ::1
>>> 2026-09-13T21:31:13.718Z GET /allproducts from ::1
>>> 2026-09-13T21:31:13.799Z GET /allproducts from ::1
>>> 2026-09-13T21:31:18.014Z POST /getcart from ::1
>>> 2026-09-13T21:31:18.046Z GET /myreviews from ::1
>>> 2026-09-13T21:31:18.052Z GET /orderhistory?page=1&limit=1&status=all from ::1
[OrderHistory] User: 6a24564570942048bfcc7092, Status Filter: all
[OrderHistory] Final Query: {"$or":[{"userId":"6a24564570942048bfcc7092"},{"user":"6a24564570942048bfcc7092"},{"userId":"6a24564570942048bfcc7092"},{"user":"6a24564570942048bfcc7092"}]}
>>> 2026-09-13T21:31:18.054Z GET /user/profile from ::1
>>> 2026-09-13T21:31:18.056Z GET /userfavorites from ::1
>>> 2026-09-13T21:31:18.154Z GET /allproducts from ::1
>>> 2026-09-13T21:31:18.459Z GET /allproducts from ::1
>>> 2026-09-13T21:31:22.758Z GET /allproducts from ::1
>>> 2026-09-13T21:31:22.923Z GET /admin/orders?limit=30 from ::1
>>> 2026-09-13T21:32:22.792Z GET /allproducts from ::1
>>> 2026-09-13T21:32:22.947Z GET /admin/orders?limit=30 from ::1
>>> 2026-09-13T21:32:34.500Z GET /userfavorites from ::1
>>> 2026-09-13T21:32:34.505Z POST /getcart from ::1
>>> 2026-09-13T21:32:34.506Z GET /user/profile from ::1
>>> 2026-09-13T21:32:34.507Z GET /userfavorites from ::1
>>> 2026-09-13T21:32:34.509Z POST /getcart from ::1
>>> 2026-09-13T21:32:34.631Z GET /user/profile from ::1
>>> 2026-09-13T21:32:34.664Z GET /allproducts from ::1
>>> 2026-09-13T21:32:34.665Z GET /allproducts from ::1
>>> 2026-09-13T21:32:34.666Z GET /allproducts from ::1
>>> 2026-09-13T21:32:35.045Z GET /allproducts from ::1
>>> 2026-09-13T21:32:51.037Z GET /userfavorites from ::1
>>> 2026-09-13T21:32:51.067Z GET /myreviews from ::1
>>> 2026-09-13T21:32:51.069Z POST /getcart from ::1
>>> 2026-09-13T21:32:51.070Z GET /orderhistory?page=1&limit=1&status=all from ::1
[OrderHistory] User: 6a24564570942048bfcc7092, Status Filter: all
[OrderHistory] Final Query: {"$or":[{"userId":"6a24564570942048bfcc7092"},{"user":"6a24564570942048bfcc7092"},{"userId":"6a24564570942048bfcc7092"},{"user":"6a24564570942048bfcc7092"}]}
>>> 2026-09-13T21:32:51.071Z GET /user/profile from ::1
>>> 2026-09-13T21:32:51.150Z GET /allproducts from ::1
>>> 2026-09-13T21:32:51.182Z GET /allproducts from ::1
>>> 2026-09-13T21:33:22.754Z GET /allproducts from ::1
>>> 2026-09-13T21:33:22.914Z GET /admin/orders?limit=30 from ::1
>>> 2026-09-13T21:33:23.062Z POST /getcart from ::1
>>> 2026-09-13T21:33:23.094Z GET /user/profile from ::1
>>> 2026-09-13T21:33:23.096Z POST /getcart from ::1
>>> 2026-09-13T21:33:23.098Z GET /userfavorites from ::1
>>> 2026-09-13T21:33:23.100Z GET /userfavorites from ::1
>>> 2026-09-13T21:33:23.541Z GET /user/profile from ::1
>>> 2026-09-13T21:33:23.591Z GET /allproducts from ::1
>>> 2026-09-13T21:33:23.622Z GET /allproducts from ::1
>>> 2026-09-13T21:33:23.628Z GET /allproducts from ::1
>>> 2026-09-13T21:33:24.007Z GET /allproducts from ::1
>>> 2026-09-13T21:33:25.147Z POST /getcart from ::1
>>> 2026-09-13T21:33:25.237Z GET /allproducts from ::1
>>> 2026-09-13T21:33:25.239Z GET /userfavorites from ::1
>>> 2026-09-13T21:33:25.274Z GET /user/profile from ::1
>>> 2026-09-13T21:33:25.276Z GET /getreviews/1 from ::1
>>> 2026-09-13T21:33:25.277Z GET /allproducts from ::1
>>> 2026-09-13T21:33:25.358Z GET /allproducts from ::1
>>> 2026-09-13T21:33:27.998Z POST /getcart from ::1
>>> 2026-09-13T21:33:28.075Z GET /userfavorites from ::1
>>> 2026-09-13T21:33:28.077Z GET /user/profile from ::1
>>> 2026-09-13T21:33:28.189Z GET /allproducts from ::1
>>> 2026-09-13T21:33:28.226Z GET /allproducts from ::1
>>> 2026-09-13T21:33:28.252Z GET /artryon/index.html?effect=Shoe_PBR.deepar from ::1
>>> 2026-09-13T21:33:28.344Z GET /artryon/lib/deepar.js from ::1
>>> 2026-09-13T21:33:28.562Z GET /favicon.ico from ::1
>>> 2026-09-13T21:33:31.116Z GET /artryon/effects/Shoe_PBR.deepar from ::1
>>> 2026-09-13T21:33:32.752Z GET /artryon/lib/foot-detector-96x96x6-q8.bin from ::1
>>> 2026-09-13T21:33:32.845Z GET /artryon/lib/foot-keyps-superfast-23JUN2024.bin from ::1
>>> 2026-09-13T21:33:32.944Z GET /artryon/lib/foot-right-200.obj from ::1
>>> 2026-09-13T21:33:33.032Z GET /artryon/lib/libxzimgPoseEstimation.wasm from ::1
>>> 2026-09-13T21:33:33.125Z GET /artryon/lib/tfjs-backend-wasm-simd.wasm from ::1
>>> 2026-09-13T21:33:38.570Z POST /getcart from ::1
>>> 2026-09-13T21:33:38.606Z GET /user/profile from ::1
>>> 2026-09-13T21:33:38.607Z GET /userfavorites from ::1
>>> 2026-09-13T21:33:38.813Z GET /allproducts from ::1
>>> 2026-09-13T21:33:38.845Z GET /allproducts from ::1
>>> 2026-09-13T21:33:54.955Z POST /getcart from ::1
>>> 2026-09-13T21:33:54.988Z POST /getcart from ::1
>>> 2026-09-13T21:33:54.990Z GET /userfavorites from ::1
>>> 2026-09-13T21:33:54.991Z GET /allproducts from ::1
>>> 2026-09-13T21:33:54.992Z GET /user/profile from ::1
>>> 2026-09-13T21:33:55.074Z GET /userfavorites from ::1
>>> 2026-09-13T21:33:55.110Z GET /allproducts from ::1
>>> 2026-09-13T21:33:55.113Z GET /allproducts from ::1
>>> 2026-09-13T21:33:55.113Z GET /user/profile from ::1
>>> 2026-09-13T21:33:55.190Z GET /allproducts from ::1
>>> 2026-09-13T21:33:55.493Z GET /allproducts from ::1
>>> 2026-09-13T21:34:04.784Z POST /getcart from ::1
>>> 2026-09-13T21:34:04.816Z GET /orderhistory?page=1&limit=1&status=all from ::1
[OrderHistory] User: 6a24564570942048bfcc7092, Status Filter: all
[OrderHistory] Final Query: {"$or":[{"userId":"6a24564570942048bfcc7092"},{"user":"6a24564570942048bfcc7092"},{"userId":"6a24564570942048bfcc7092"},{"user":"6a24564570942048bfcc7092"}]}
>>> 2026-09-13T21:34:04.819Z GET /user/profile from ::1
>>> 2026-09-13T21:34:04.851Z GET /userfavorites from ::1
>>> 2026-09-13T21:34:04.854Z GET /myreviews from ::1
>>> 2026-09-13T21:34:04.909Z GET /allproducts from ::1
>>> 2026-09-13T21:34:05.355Z GET /allproducts from ::1
>>> 2026-09-13T21:34:22.760Z GET /allproducts from ::1
>>> 2026-09-13T21:34:22.933Z GET /admin/orders?limit=30 from ::1
>>> 2026-09-13T21:34:43.607Z POST /getcart from ::1
>>> 2026-09-13T21:34:43.639Z GET /user/profile from ::1
>>> 2026-09-13T21:34:43.642Z GET /userfavorites from ::1
>>> 2026-09-13T21:34:43.731Z GET /allproducts from ::1
>>> 2026-09-13T21:34:43.807Z GET /allproducts from ::1
>>> 2026-09-13T21:34:46.283Z GET /allproducts from ::1
>>> 2026-09-13T21:34:46.316Z POST /getcart from ::1
>>> 2026-09-13T21:34:46.321Z GET /userfavorites from ::1
>>> 2026-09-13T21:34:46.323Z GET /user/profile from ::1
>>> 2026-09-13T21:34:46.533Z GET /allproducts from ::1
>>> 2026-09-13T21:34:46.565Z GET /allproducts from ::1
>>> 2026-09-13T21:34:48.823Z POST /getcart from ::1
>>> 2026-09-13T21:34:48.856Z GET /userfavorites from ::1
>>> 2026-09-13T21:34:48.864Z GET /orderhistory?page=1&limit=1&status=all from ::1
[OrderHistory] User: 6a24564570942048bfcc7092, Status Filter: all
[OrderHistory] Final Query: {"$or":[{"userId":"6a24564570942048bfcc7092"},{"user":"6a24564570942048bfcc7092"},{"userId":"6a24564570942048bfcc7092"},{"user":"6a24564570942048bfcc7092"}]}
>>> 2026-09-13T21:34:48.866Z GET /myreviews from ::1
>>> 2026-09-13T21:34:48.867Z GET /user/profile from ::1
>>> 2026-09-13T21:34:48.940Z GET /allproducts from ::1
>>> 2026-09-13T21:34:48.982Z GET /allproducts from ::1
>>> 2026-09-13T21:34:52.956Z POST /getcart from ::1
>>> 2026-09-13T21:34:53.032Z GET /userfavorites from ::1
>>> 2026-09-13T21:34:53.034Z POST /getcart from ::1
>>> 2026-09-13T21:34:53.069Z GET /user/profile from ::1
>>> 2026-09-13T21:34:53.071Z GET /userfavorites from ::1
>>> 2026-09-13T21:34:53.084Z GET /user/profile from ::1
>>> 2026-09-13T21:34:53.149Z GET /allproducts from ::1
>>> 2026-09-13T21:34:53.192Z GET /allproducts from ::1
>>> 2026-09-13T21:34:53.194Z GET /allproducts from ::1
>>> 2026-09-13T21:34:53.379Z GET /allproducts from ::1
>>> 2026-09-13T21:35:22.753Z GET /allproducts from ::1
>>> 2026-09-13T21:35:22.900Z GET /admin/orders?limit=30 from ::1
>>> 2026-09-13T21:35:33.519Z POST /getcart from ::1
>>> 2026-09-13T21:35:33.554Z GET /user/profile from ::1
>>> 2026-09-13T21:35:33.557Z GET /allproducts from ::1
>>> 2026-09-13T21:35:33.557Z GET /userfavorites from ::1
>>> 2026-09-13T21:35:33.647Z GET /allproducts from ::1
>>> 2026-09-13T21:35:33.804Z GET /allproducts from ::1
>>> 2026-09-13T21:35:46.246Z POST /chatbot from ::1
>>> 2026-09-13T21:36:22.757Z GET /allproducts from ::1
>>> 2026-09-13T21:36:22.945Z GET /admin/orders?limit=30 from ::1
>>> 2026-09-13T21:37:22.761Z GET /allproducts from ::1
>>> 2026-09-13T21:37:22.940Z GET /admin/orders?limit=30 from ::1
